2023-01-22T10:34:20Z,0.00,0.00,0.00,0
2023-01-22T10:34:21Z,0.00,0.00,0.00,0
2023-01-22T10:34:22Z,0.00,0.00,0.00,0
2023-01-22T10:34:23Z,0.00,0.00,0.00,0
2023-01-22T10:34:24Z,0.00,0.00,20.00,0
2023-01-22T10:34:25Z,0.00,0.00,20.00,0
2023-01-22T10:34:26Z,0.00,0.00,20.00,0
2023-01-22T10:34:27Z,0.00,0.00,20.00,0
2023-01-22T10:34:28Z,0.00,0.00,20.00,0
2023-01-22T10:34:29Z,0.00,0.00,20.00,0
2023-01-22T10:34:30Z,0.00,0.00,20.00,0
2023-01-22T10:34:31Z,0.00,0.00,20.00,0
2023-01-22T10:34:32Z,0.00,0.00,20.00,0
2023-01-22T10:34:33Z,0.00,0.00,20.00,0
2023-01-22T10:34:34Z,0.00,19.58,0.00,0
2023-01-22T10:34:35Z,0.00,22.62,0.00,0
2023-01-22T10:34:36Z,42.19,22.62,30.00,-100
2023-01-22T10:34:37Z,42.19,22.62,30.00,-100
2023-01-22T10:34:38Z,42.19,22.62,30.00,-100
2023-01-22T10:34:39Z,42.12,22.62,30.00,-100
2023-01-22T10:34:40Z,42.12,22.62,30.00,-100
2023-01-22T10:34:41Z,41.94,22.62,30.00,-100
2023-01-22T10:34:42Z,41.94,22.62,20.00,-100
2023-01-22T10:34:43Z,41.81,22.62,20.00,-100
2023-01-22T10:34:44Z,41.62,22.62,20.00,-100
2023-01-22T10:34:45Z,41.62,22.62,20.00,-100
2023-01-22T10:34:46Z,41.44,22.63,20.00,-100
2023-01-22T10:34:47Z,41.19,22.63,20.00,-100
2023-01-22T10:34:48Z,41.19,22.63,20.00,-100
2023-01-22T10:34:49Z,41.19,22.63,20.00,-100
2023-01-22T10:34:50Z,41.00,22.63,20.00,-100
2023-01-22T10:34:51Z,40.81,22.63,20.00,-100
2023-01-22T10:34:52Z,40.81,22.63,20.00,-100
2023-01-22T10:34:53Z,40.62,22.63,20.00,-100
2023-01-22T10:34:54Z,40.44,22.63,20.00,-100
2023-01-22T10:34:55Z,40.44,22.63,20.00,-100
2023-01-22T10:34:56Z,40.25,22.64,20.00,-100
2023-01-22T10:34:57Z,40.25,22.64,20.00,-100
2023-01-22T10:34:58Z,40.06,22.64,20.00,-100
2023-01-22T10:34:59Z,39.94,22.64,20.00,-100
2023-01-22T10:35:00Z,39.94,22.64,20.00,-100
2023-01-22T10:35:01Z,39.75,22.64,20.00,-100
2023-01-22T10:35:02Z,39.62,22.65,20.00,-100
2023-01-22T10:35:03Z,39.62,22.65,20.00,-100
2023-01-22T10:35:04Z,39.44,22.65,20.00,-100
2023-01-22T10:35:05Z,39.31,22.65,20.00,-100
2023-01-22T10:35:06Z,39.31,22.65,20.00,-100
2023-01-22T10:35:07Z,39.12,22.65,20.00,-100
2023-01-22T10:35:08Z,39.12,22.65,20.00,-100
2023-01-22T10:35:09Z,39.00,22.64,20.00,-100
2023-01-22T10:35:10Z,39.00,22.64,20.00,-100
2023-01-22T10:35:11Z,38.81,22.64,20.00,-100
2023-01-22T10:35:12Z,38.69,22.64,20.00,-100
2023-01-22T10:35:13Z,38.69,22.63,20.00,-100
2023-01-22T10:35:14Z,38.56,22.63,20.00,-100
2023-01-22T10:35:15Z,38.56,22.63,20.00,-100
2023-01-22T10:35:16Z,38.44,22.63,20.00,-100
2023-01-22T10:35:17Z,38.31,22.63,20.00,-100
2023-01-22T10:35:18Z,38.31,22.63,20.00,-100
2023-01-22T10:35:19Z,38.12,22.62,20.00,-100
2023-01-22T10:35:20Z,38.00,22.62,20.00,-100
2023-01-22T10:35:21Z,38.00,22.62,20.00,-100
2023-01-22T10:35:22Z,37.88,22.62,20.00,-100
2023-01-22T10:35:23Z,37.75,22.63,20.00,-100
2023-01-22T10:35:24Z,37.75,22.63,20.00,-100
2023-01-22T10:35:25Z,37.62,22.63,20.00,-100
2023-01-22T10:35:26Z,37.62,22.63,20.00,-100
2023-01-22T10:35:27Z,37.50,22.63,20.00,-100
2023-01-22T10:35:28Z,37.50,22.63,20.00,-100
2023-01-22T10:35:29Z,37.38,22.63,20.00,-100
2023-01-22T10:35:30Z,37.25,22.63,20.00,-100
2023-01-22T10:35:31Z,37.25,22.63,20.00,-100
2023-01-22T10:35:32Z,37.12,22.63,20.00,-100
2023-01-22T10:35:33Z,37.12,22.64,20.00,-100
2023-01-22T10:35:34Z,37.00,22.64,20.00,-100
2023-01-22T10:35:35Z,36.94,22.64,20.00,-100
2023-01-22T10:35:36Z,36.94,22.64,20.00,-100
2023-01-22T10:35:37Z,36.81,22.64,20.00,-100
2023-01-22T10:35:38Z,36.69,22.64,20.00,-100
2023-01-22T10:35:39Z,36.69,22.64,20.00,-100
2023-01-22T10:35:40Z,36.56,22.64,20.00,-100
2023-01-22T10:35:41Z,36.44,22.64,20.00,-100
2023-01-22T10:35:42Z,36.44,22.64,20.00,-100
2023-01-22T10:35:43Z,36.38,22.64,20.00,-100
2023-01-22T10:35:44Z,36.25,22.65,20.00,-100
2023-01-22T10:35:45Z,36.25,22.65,20.00,-100
2023-01-22T10:35:46Z,36.12,22.65,20.00,-100
2023-01-22T10:35:47Z,36.12,22.65,20.00,-100
2023-01-22T10:35:48Z,36.00,22.65,20.00,-100
2023-01-22T10:35:49Z,35.94,22.66,20.00,-100
2023-01-22T10:35:50Z,35.94,22.66,20.00,-100
2023-01-22T10:35:51Z,35.88,22.66,20.00,-100
2023-01-22T10:35:52Z,35.88,22.66,20.00,-100
2023-01-22T10:35:53Z,35.75,22.67,20.00,-100
2023-01-22T10:35:54Z,35.75,22.67,20.00,-100
2023-01-22T10:35:55Z,35.69,22.67,20.00,-100
2023-01-22T10:35:56Z,35.62,22.67,20.00,-100
2023-01-22T10:35:57Z,35.62,22.68,20.00,-100
2023-01-22T10:35:58Z,35.50,22.68,20.00,-100
2023-01-22T10:35:59Z,35.50,22.68,20.00,-100
2023-01-22T10:36:00Z,35.44,22.68,20.00,-100
2023-01-22T10:36:01Z,35.38,22.69,20.00,-100
2023-01-22T10:36:02Z,35.38,22.69,20.00,-100
2023-01-22T10:36:03Z,35.25,22.69,20.00,-100
2023-01-22T10:36:04Z,35.19,22.70,20.00,-100
2023-01-22T10:36:05Z,35.19,22.70,20.00,-100
2023-01-22T10:36:06Z,35.12,22.70,20.00,-100
2023-01-22T10:36:07Z,35.00,22.71,20.00,-100
2023-01-22T10:36:08Z,35.00,22.71,20.00,-100
2023-01-22T10:36:09Z,34.88,22.71,20.00,-100
2023-01-22T10:36:10Z,34.88,22.72,20.00,-100
2023-01-22T10:36:11Z,34.81,22.72,20.00,-100
2023-01-22T10:36:12Z,34.81,22.72,20.00,-100
2023-01-22T10:36:13Z,34.75,22.72,20.00,-100
2023-01-22T10:36:14Z,34.62,22.73,0.00,-100
2023-01-22T10:36:15Z,34.62,22.73,0.00,-100
2023-01-22T10:36:16Z,34.56,22.73,0.00,-100
2023-01-22T10:36:17Z,34.56,22.73,0.00,-100
2023-01-22T10:36:18Z,34.50,22.74,0.00,-100
2023-01-22T10:36:19Z,34.44,22.74,0.00,-100
2023-01-22T10:36:20Z,34.44,22.74,0.00,-100
2023-01-22T10:36:21Z,34.31,22.74,0.00,-100
2023-01-22T10:36:22Z,34.25,22.75,0.00,-100
2023-01-22T10:36:23Z,34.25,22.75,0.00,-100
2023-01-22T10:36:24Z,34.12,22.75,0.00,-100
2023-01-22T10:36:25Z,34.06,22.75,0.00,-100
2023-01-22T10:36:26Z,34.06,22.75,0.00,-100
2023-01-22T10:36:27Z,34.00,22.75,0.00,-100
2023-01-22T10:36:28Z,33.94,22.75,0.00,-100
2023-01-22T10:36:29Z,33.94,22.76,0.00,-100
2023-01-22T10:36:30Z,33.81,22.76,0.00,-100
2023-01-22T10:36:31Z,33.81,22.76,25.00,-100
2023-01-22T10:36:32Z,33.75,22.76,25.00,-100
2023-01-22T10:36:33Z,33.69,22.76,25.00,-100
2023-01-22T10:36:34Z,33.69,22.76,25.00,-100
2023-01-22T10:36:35Z,33.69,22.76,25.00,-100
2023-01-22T10:36:36Z,33.56,22.76,25.00,-100
2023-01-22T10:36:37Z,33.50,22.76,25.00,-100
2023-01-22T10:36:38Z,33.50,22.76,25.00,-100
2023-01-22T10:36:39Z,33.44,22.76,25.00,-100
2023-01-22T10:36:40Z,33.38,22.77,25.00,-100
2023-01-22T10:36:41Z,33.38,22.77,25.00,-100
2023-01-22T10:36:42Z,33.31,22.77,25.00,-100
2023-01-22T10:36:43Z,33.31,22.77,25.00,-100
2023-01-22T10:36:44Z,33.25,22.77,25.00,-100
2023-01-22T10:36:45Z,33.19,22.76,25.00,-100
2023-01-22T10:36:46Z,33.19,22.76,25.00,-100
2023-01-22T10:36:47Z,33.12,22.76,25.00,-100
2023-01-22T10:36:48Z,33.06,22.76,25.00,-100
2023-01-22T10:36:49Z,33.06,22.76,25.00,-100
2023-01-22T10:36:50Z,33.00,22.76,25.00,-100
2023-01-22T10:36:51Z,32.94,22.76,25.00,-100
2023-01-22T10:36:52Z,32.94,22.76,25.00,-100
2023-01-22T10:36:53Z,32.88,22.76,25.00,-100
2023-01-22T10:36:54Z,32.88,22.76,25.00,-100
2023-01-22T10:36:55Z,32.81,22.75,25.00,-100
2023-01-22T10:36:56Z,32.81,22.75,25.00,-100
2023-01-22T10:36:57Z,32.75,22.75,25.00,-100
2023-01-22T10:36:58Z,32.69,22.75,25.00,-100
2023-01-22T10:36:59Z,32.69,22.75,25.00,-100
2023-01-22T10:37:00Z,32.56,22.75,25.00,-100
2023-01-22T10:37:01Z,32.56,22.75,25.00,-100
2023-01-22T10:37:02Z,32.50,22.75,25.00,-100
2023-01-22T10:37:03Z,32.44,22.75,25.00,-100
2023-01-22T10:37:04Z,32.44,22.75,25.00,-100
2023-01-22T10:37:05Z,32.38,22.75,25.00,-100
2023-01-22T10:37:06Z,32.38,22.74,25.00,-100
2023-01-22T10:37:07Z,32.38,22.74,25.00,-100
2023-01-22T10:37:08Z,32.25,22.74,25.00,-100
2023-01-22T10:37:09Z,32.19,22.73,25.00,-100
2023-01-22T10:37:10Z,32.19,22.73,25.00,-100
2023-01-22T10:37:11Z,32.12,22.73,25.00,-100
2023-01-22T10:37:12Z,32.12,22.73,25.00,-100
2023-01-22T10:37:13Z,32.06,22.72,25.00,-100
2023-01-22T10:37:14Z,32.06,22.72,25.00,-100
2023-01-22T10:37:15Z,32.06,22.72,25.00,-100
2023-01-22T10:37:16Z,31.94,22.72,25.00,-100
2023-01-22T10:37:17Z,31.94,22.72,25.00,-100
2023-01-22T10:37:18Z,31.88,22.72,25.00,-100
2023-01-22T10:37:19Z,31.88,22.71,25.00,-100
2023-01-22T10:37:20Z,31.81,22.71,25.00,-100
2023-01-22T10:37:21Z,31.75,22.70,25.00,-100
2023-01-22T10:37:22Z,31.75,22.70,25.00,-100
2023-01-22T10:37:23Z,31.69,22.70,25.00,-100
2023-01-22T10:37:24Z,31.62,22.69,25.00,-100
2023-01-22T10:37:25Z,31.62,22.69,25.00,-100
2023-01-22T10:37:26Z,31.56,22.68,25.00,-100
2023-01-22T10:37:27Z,31.50,22.68,25.00,-100
2023-01-22T10:37:28Z,31.50,22.68,25.00,-100
2023-01-22T10:37:29Z,31.44,22.67,25.00,-100
2023-01-22T10:37:30Z,31.38,22.67,25.00,-100
2023-01-22T10:37:31Z,31.38,22.67,38.00,-100
2023-01-22T10:37:32Z,31.38,22.67,38.00,100
2023-01-22T10:37:33Z,31.31,22.66,38.00,100
2023-01-22T10:37:34Z,31.31,22.66,38.00,100
2023-01-22T10:37:35Z,31.31,22.65,38.00,100
2023-01-22T10:37:36Z,31.31,22.65,38.00,100
2023-01-22T10:37:37Z,31.31,22.64,38.00,100
2023-01-22T10:37:38Z,31.31,22.64,38.00,100
2023-01-22T10:37:39Z,31.38,22.64,38.00,100
2023-01-22T10:37:40Z,31.38,22.63,38.00,100
2023-01-22T10:37:41Z,31.44,22.63,38.00,100
2023-01-22T10:37:42Z,31.56,22.62,38.00,100
2023-01-22T10:37:43Z,31.56,22.62,38.00,100
2023-01-22T10:37:44Z,31.69,22.62,38.00,100
2023-01-22T10:37:45Z,31.81,22.61,38.00,100
2023-01-22T10:37:46Z,31.81,22.61,38.00,100
2023-01-22T10:37:47Z,32.00,22.61,38.00,100
2023-01-22T10:37:48Z,32.19,22.61,38.00,100
2023-01-22T10:37:49Z,32.19,22.61,38.00,100
2023-01-22T10:37:50Z,32.31,22.61,38.00,100
2023-01-22T10:37:51Z,32.31,22.61,38.00,100
2023-01-22T10:37:52Z,32.56,22.61,38.00,78
2023-01-22T10:37:53Z,32.56,22.61,38.00,100
2023-01-22T10:37:54Z,32.75,22.61,38.00,100
2023-01-22T10:37:55Z,33.00,22.60,38.00,-5
2023-01-22T10:37:56Z,33.00,22.60,38.00,100
2023-01-22T10:37:57Z,33.25,22.60,38.00,100
2023-01-22T10:37:58Z,33.25,22.60,38.00,62
2023-01-22T10:37:59Z,33.56,22.60,38.00,28
2023-01-22T10:38:00Z,33.81,22.60,38.00,100
2023-01-22T10:38:01Z,33.81,22.59,38.00,45
2023-01-22T10:38:02Z,34.06,22.59,38.00,38
2023-01-22T10:38:03Z,34.31,22.59,38.00,100
2023-01-22T10:38:04Z,34.31,22.58,38.00,30
2023-01-22T10:38:05Z,34.62,22.58,38.00,-3
2023-01-22T10:38:06Z,34.94,22.58,38.00,100
2023-01-22T10:38:07Z,34.94,22.58,38.00,-13
2023-01-22T10:38:08Z,35.19,22.58,38.00,4
2023-01-22T10:38:09Z,35.19,22.57,38.00,100
2023-01-22T10:38:10Z,35.44,22.57,38.00,-3
2023-01-22T10:38:11Z,35.44,22.57,38.00,96
2023-01-22T10:38:12Z,35.69,22.56,38.00,96
2023-01-22T10:38:13Z,36.00,22.56,38.00,-100
2023-01-22T10:38:14Z,36.00,22.55,38.00,80
2023-01-22T10:38:15Z,36.25,22.55,38.00,80
2023-01-22T10:38:16Z,36.25,22.54,38.00,-27
2023-01-22T10:38:17Z,36.56,22.53,38.00,-61
2023-01-22T10:38:18Z,36.75,22.53,38.00,63
2023-01-22T10:38:19Z,36.75,22.52,38.00,-17
2023-01-22T10:38:20Z,37.06,22.52,38.00,-76
2023-01-22T10:38:21Z,37.31,22.51,38.00,48
2023-01-22T10:38:22Z,37.31,22.51,38.00,-59
2023-01-22T10:38:23Z,37.56,22.50,38.00,-66
2023-01-22T10:38:24Z,37.81,22.50,38.00,33
2023-01-22T10:38:25Z,37.81,22.49,38.00,-74
2023-01-22T10:38:26Z,38.00,22.49,38.00,-54
2023-01-22T10:38:27Z,38.19,22.48,38.00,20
2023-01-22T10:38:28Z,38.19,22.48,38.00,-60
2023-01-22T10:38:29Z,38.19,22.47,38.00,14
2023-01-22T10:38:30Z,38.38,22.47,38.00,14
2023-01-22T10:38:31Z,38.56,22.47,46.00,-100
2023-01-22T10:38:32Z,38.56,22.47,46.00,100
2023-01-22T10:38:33Z,38.75,22.47,46.00,100
2023-01-22T10:38:34Z,38.94,22.46,46.00,81
2023-01-22T10:38:35Z,38.94,22.46,46.00,100
2023-01-22T10:38:36Z,39.12,22.46,46.00,100
2023-01-22T10:38:37Z,39.12,22.46,46.00,100
2023-01-22T10:38:38Z,39.38,22.46,46.00,100
2023-01-22T10:38:39Z,39.56,22.46,46.00,100
2023-01-22T10:38:40Z,39.56,22.46,46.00,100
2023-01-22T10:38:41Z,39.81,22.46,46.00,100
2023-01-22T10:38:42Z,39.81,22.46,46.00,100
2023-01-22T10:38:43Z,40.06,22.46,46.00,100
2023-01-22T10:38:44Z,40.38,22.46,46.00,63
2023-01-22T10:38:45Z,40.38,22.46,46.00,100
2023-01-22T10:38:46Z,40.62,22.46,46.00,100
2023-01-22T10:38:47Z,40.88,22.45,46.00,73
2023-01-22T10:38:48Z,40.88,22.45,46.00,100
2023-01-22T10:38:49Z,41.19,22.45,46.00,100
2023-01-22T10:38:50Z,41.44,22.45,46.00,56
2023-01-22T10:38:51Z,41.44,22.44,46.00,100
2023-01-22T10:38:52Z,41.69,22.44,46.00,100
2023-01-22T10:38:53Z,41.69,22.43,46.00,100
2023-01-22T10:38:54Z,42.00,22.43,46.00,15
2023-01-22T10:38:55Z,42.00,22.42,46.00,100
2023-01-22T10:38:56Z,42.31,22.42,46.00,5
2023-01-22T10:38:57Z,42.62,22.42,46.00,-3
2023-01-22T10:38:58Z,42.62,22.41,46.00,100
2023-01-22T10:38:59Z,42.88,22.41,46.00,13
2023-01-22T10:39:00Z,42.88,22.41,46.00,100
2023-01-22T10:39:01Z,43.12,22.41,46.00,100
2023-01-22T10:39:02Z,43.44,22.41,46.00,-28
2023-01-22T10:39:03Z,43.44,22.40,46.00,96
2023-01-22T10:39:04Z,43.69,22.40,46.00,96
2023-01-22T10:39:05Z,43.94,22.40,46.00,-18
2023-01-22T10:39:06Z,43.94,22.39,46.00,81
2023-01-22T10:39:07Z,44.25,22.39,46.00,81
2023-01-22T10:39:08Z,44.50,22.39,46.00,-34
2023-01-22T10:39:09Z,44.50,22.38,46.00,65
2023-01-22T10:39:10Z,44.75,22.38,46.00,65
2023-01-22T10:39:11Z,45.00,22.37,46.00,57
2023-01-22T10:39:12Z,45.00,22.37,46.00,-49
2023-01-22T10:39:13Z,45.19,22.36,46.00,50
2023-01-22T10:39:14Z,45.19,22.36,46.00,44
2023-01-22T10:39:15Z,45.44,22.35,46.00,-63
2023-01-22T10:39:16Z,45.69,22.35,46.00,36
2023-01-22T10:39:17Z,45.69,22.34,46.00,29
2023-01-22T10:39:18Z,45.69,22.33,46.00,29
2023-01-22T10:39:19Z,45.88,22.33,46.00,29
2023-01-22T10:39:20Z,46.00,22.32,46.00,-29
2023-01-22T10:39:21Z,46.00,22.32,46.00,20
2023-01-22T10:39:22Z,46.19,22.31,46.00,20
2023-01-22T10:39:23Z,46.38,22.31,46.00,-66
2023-01-22T10:39:24Z,46.38,22.30,46.00,8
2023-01-22T10:39:25Z,46.50,22.30,46.00,8
2023-01-22T10:39:26Z,46.50,22.30,46.00,4
2023-01-22T10:39:27Z,46.62,22.29,46.00,-49
2023-01-22T10:39:28Z,46.75,22.29,46.00,0
2023-01-22T10:39:29Z,46.75,22.29,46.00,-3
2023-01-22T10:39:30Z,46.94,22.29,46.00,-84
2023-01-22T10:39:31Z,47.06,22.29,46.00,-9
2023-01-22T10:39:32Z,47.06,22.29,46.00,-13
2023-01-22T10:39:33Z,47.12,22.28,46.00,-40
2023-01-22T10:39:34Z,47.19,22.28,46.00,-16
2023-01-22T10:39:35Z,47.19,22.28,46.00,-18
2023-01-22T10:39:36Z,47.25,22.28,46.00,-45
2023-01-22T10:39:37Z,47.25,22.28,46.00,-20
2023-01-22T10:39:38Z,47.31,22.28,46.00,-48
2023-01-22T10:39:39Z,47.31,22.28,46.00,-23
2023-01-22T10:39:40Z,47.44,22.28,46.00,-23
2023-01-22T10:39:41Z,47.44,22.29,46.00,-27
2023-01-22T10:39:42Z,47.44,22.29,46.00,-28
2023-01-22T10:39:43Z,47.50,22.29,46.00,-28
2023-01-22T10:39:44Z,47.50,22.29,46.00,-31
2023-01-22T10:39:45Z,47.50,22.30,46.00,-31
2023-01-22T10:39:46Z,47.56,22.30,46.00,-31
2023-01-22T10:39:47Z,47.56,22.30,46.00,-34
2023-01-22T10:39:48Z,47.56,22.30,46.00,-34
2023-01-22T10:39:49Z,47.62,22.30,46.00,-34
2023-01-22T10:39:50Z,47.62,22.30,46.00,-37
2023-01-22T10:39:51Z,47.62,22.30,46.00,-37
2023-01-22T10:39:52Z,47.62,22.30,46.00,-37
2023-01-22T10:39:53Z,47.62,22.29,46.00,-38
2023-01-22T10:39:54Z,47.62,22.29,46.00,-38
2023-01-22T10:39:55Z,47.62,22.29,46.00,-39
2023-01-22T10:39:56Z,47.62,22.29,46.00,-39
2023-01-22T10:39:57Z,47.62,22.29,46.00,-40
2023-01-22T10:39:58Z,47.62,22.28,46.00,-40
2023-01-22T10:39:59Z,47.62,22.28,46.00,-41
2023-01-22T10:40:00Z,47.62,22.28,46.00,-41
2023-01-22T10:40:01Z,47.62,22.28,46.00,-41
2023-01-22T10:40:02Z,47.62,22.28,46.00,-42
2023-01-22T10:40:03Z,47.62,22.28,46.00,-42
2023-01-22T10:40:04Z,47.56,22.28,46.00,-43
2023-01-22T10:40:05Z,47.56,22.28,46.00,-41
2023-01-22T10:40:06Z,47.56,22.29,46.00,-42
2023-01-22T10:40:07Z,47.50,22.29,46.00,-42
2023-01-22T10:40:08Z,47.50,22.29,46.00,-41
2023-01-22T10:40:09Z,47.50,22.29,46.00,-41
2023-01-22T10:40:10Z,47.44,22.30,46.00,-41
2023-01-22T10:40:11Z,47.44,22.30,46.00,-40
2023-01-22T10:40:12Z,47.44,22.30,46.00,-40
2023-01-22T10:40:13Z,47.44,22.30,46.00,-41
2023-01-22T10:40:14Z,47.38,22.31,46.00,-14
2023-01-22T10:40:15Z,47.38,22.31,46.00,-40
2023-01-22T10:40:16Z,47.31,22.31,46.00,-40
2023-01-22T10:40:17Z,47.25,22.32,46.00,-12
2023-01-22T10:40:18Z,47.25,22.32,46.00,-37
2023-01-22T10:40:19Z,47.25,22.32,46.00,-37
2023-01-22T10:40:20Z,47.25,22.32,46.00,-38
2023-01-22T10:40:21Z,47.19,22.33,46.00,-11
2023-01-22T10:40:22Z,47.12,22.33,46.00,-36
2023-01-22T10:40:23Z,47.12,22.33,46.00,-35
2023-01-22T10:40:24Z,47.06,22.33,46.00,-8
2023-01-22T10:40:25Z,47.00,22.34,46.00,-33
2023-01-22T10:40:26Z,47.00,22.34,46.00,-32
2023-01-22T10:40:27Z,46.94,22.34,46.00,-5
2023-01-22T10:40:28Z,46.88,22.35,46.00,-30
2023-01-22T10:40:29Z,46.88,22.35,46.00,-29
2023-01-22T10:40:30Z,46.75,22.35,46.00,24
2023-01-22T10:40:31Z,46.75,22.36,54.00,-25
2023-01-22T10:40:32Z,46.69,22.36,54.00,100
2023-01-22T10:40:33Z,46.69,22.37,54.00,100
2023-01-22T10:40:34Z,46.62,22.37,54.00,100
2023-01-22T10:40:35Z,46.56,22.37,54.00,100
2023-01-22T10:40:36Z,46.56,22.37,54.00,100
2023-01-22T10:40:37Z,46.50,22.38,54.00,100
2023-01-22T10:40:38Z,46.50,22.38,54.00,100
2023-01-22T10:40:39Z,46.50,22.38,54.00,100
2023-01-22T10:40:40Z,46.50,22.38,54.00,100
2023-01-22T10:40:41Z,46.50,22.38,54.00,100
2023-01-22T10:40:42Z,46.56,22.38,54.00,100
2023-01-22T10:40:43Z,46.62,22.39,54.00,100
2023-01-22T10:40:44Z,46.62,22.39,54.00,100
2023-01-22T10:40:45Z,46.69,22.39,54.00,100
2023-01-22T10:40:46Z,46.75,22.39,54.00,100
2023-01-22T10:40:47Z,46.75,22.39,54.00,100
2023-01-22T10:40:48Z,46.88,22.40,54.00,100
2023-01-22T10:40:49Z,46.88,22.40,54.00,100
2023-01-22T10:40:50Z,47.00,22.40,54.00,100
2023-01-22T10:40:51Z,47.00,22.40,57.00,100
2023-01-22T10:40:52Z,47.12,22.41,57.00,100
2023-01-22T10:40:53Z,47.31,22.41,57.00,100
2023-01-22T10:40:54Z,47.31,22.41,57.00,100
2023-01-22T10:40:55Z,47.44,22.42,57.00,100
2023-01-22T10:40:56Z,47.44,22.42,57.00,100
2023-01-22T10:40:57Z,47.56,22.42,57.00,100
2023-01-22T10:40:58Z,47.81,22.42,57.00,100
2023-01-22T10:40:59Z,47.81,22.43,57.00,100
2023-01-22T10:41:00Z,48.00,22.43,57.00,100
2023-01-22T10:41:01Z,48.19,22.43,57.00,100
2023-01-22T10:41:02Z,48.19,22.44,57.00,100
2023-01-22T10:41:03Z,48.44,22.44,57.00,100
2023-01-22T10:41:04Z,48.62,22.44,57.00,100
2023-01-22T10:41:05Z,48.62,22.45,57.00,100
2023-01-22T10:41:06Z,48.94,22.45,57.00,100
2023-01-22T10:41:07Z,49.19,22.45,57.00,100
2023-01-22T10:41:08Z,49.19,22.45,57.00,100
2023-01-22T10:41:09Z,49.19,22.46,57.00,100
2023-01-22T10:41:10Z,49.44,22.46,57.00,100
2023-01-22T10:41:11Z,49.69,22.46,57.00,100
2023-01-22T10:41:12Z,49.69,22.47,57.00,100
2023-01-22T10:41:13Z,50.00,22.47,57.00,100
2023-01-22T10:41:14Z,50.00,22.47,57.00,100
2023-01-22T10:41:15Z,50.25,22.48,57.00,100
2023-01-22T10:41:16Z,50.50,22.48,57.00,100
2023-01-22T10:41:17Z,50.50,22.48,57.00,100
2023-01-22T10:41:18Z,50.81,22.48,57.00,80
2023-01-22T10:41:19Z,51.12,22.48,57.00,71
2023-01-22T10:41:20Z,51.12,22.48,57.00,100
2023-01-22T10:41:21Z,51.38,22.48,57.00,100
2023-01-22T10:41:22Z,51.38,22.48,57.00,88
2023-01-22T10:41:23Z,51.75,22.49,57.00,27
2023-01-22T10:41:24Z,52.06,22.49,57.00,100
2023-01-22T10:41:25Z,52.06,22.49,57.00,43
2023-01-22T10:41:26Z,52.38,22.49,57.00,33
2023-01-22T10:41:27Z,52.62,22.49,57.00,100
2023-01-22T10:41:28Z,52.62,22.50,57.00,51
2023-01-22T10:41:29Z,53.00,22.50,57.00,-9
2023-01-22T10:41:30Z,53.25,22.50,57.00,100
2023-01-22T10:41:31Z,53.25,22.50,61.00,32
2023-01-22T10:41:32Z,53.25,22.50,61.00,100
2023-01-22T10:41:33Z,53.56,22.50,61.00,100
2023-01-22T10:41:34Z,53.81,22.50,61.00,10
2023-01-22T10:41:35Z,53.81,22.51,61.00,100
2023-01-22T10:41:36Z,54.12,22.51,61.00,100
2023-01-22T10:41:37Z,54.38,22.51,61.00,-6
2023-01-22T10:41:38Z,54.38,22.51,61.00,100
2023-01-22T10:41:39Z,54.69,22.51,61.00,100
2023-01-22T10:41:40Z,54.69,22.51,61.00,84
2023-01-22T10:41:41Z,54.94,22.51,61.00,100
2023-01-22T10:41:42Z,55.25,22.51,61.00,100
2023-01-22T10:41:43Z,55.25,22.52,61.00,67
2023-01-22T10:41:44Z,55.50,22.52,61.00,85
2023-01-22T10:41:45Z,55.81,22.52,61.00,100
2023-01-22T10:41:46Z,55.81,22.52,61.00,50
2023-01-22T10:41:47Z,56.06,22.52,61.00,68
2023-01-22T10:41:48Z,56.38,22.52,61.00,100
2023-01-22T10:41:49Z,56.38,22.52,61.00,33
2023-01-22T10:41:50Z,56.38,22.52,61.00,100
2023-01-22T10:41:51Z,56.62,22.52,61.00,100
2023-01-22T10:41:52Z,56.94,22.52,61.00,-83
2023-01-22T10:41:53Z,56.94,22.52,61.00,100
2023-01-22T10:41:54Z,57.25,22.52,61.00,100
2023-01-22T10:41:55Z,57.44,22.52,61.00,-73
2023-01-22T10:41:56Z,57.44,22.52,61.00,100
2023-01-22T10:41:57Z,57.69,22.52,61.00,100
2023-01-22T10:41:58Z,57.69,22.53,61.00,19
2023-01-22T10:41:59Z,57.94,22.53,61.00,11
2023-01-22T10:42:00Z,58.25,22.53,61.00,100
2023-01-22T10:42:01Z,58.25,22.53,61.00,-22
2023-01-22T10:42:02Z,58.50,22.53,61.00,-4
2023-01-22T10:42:03Z,58.81,22.53,61.00,95
2023-01-22T10:42:04Z,58.81,22.53,61.00,-39
2023-01-22T10:42:05Z,59.06,22.54,61.00,-21
2023-01-22T10:42:06Z,59.31,22.54,61.00,78
2023-01-22T10:42:07Z,59.31,22.54,61.00,-29
2023-01-22T10:42:08Z,59.31,22.54,61.00,70
2023-01-22T10:42:09Z,59.62,22.54,61.00,70
2023-01-22T10:42:10Z,59.88,22.54,61.00,-100
2023-01-22T10:42:11Z,59.88,22.54,61.00,53
2023-01-22T10:42:12Z,60.12,22.54,61.00,53
2023-01-22T10:42:13Z,60.19,22.54,61.00,-80
2023-01-22T10:42:14Z,60.19,22.54,61.00,44
2023-01-22T10:42:15Z,60.38,22.54,61.00,44
2023-01-22T10:42:16Z,60.38,22.54,61.00,-36
2023-01-22T10:42:17Z,60.50,22.54,61.00,-14
2023-01-22T10:42:18Z,60.69,22.54,61.00,35
2023-01-22T10:42:19Z,60.69,22.54,61.00,-45
2023-01-22T10:42:20Z,60.81,22.54,61.00,-24
2023-01-22T10:42:21Z,60.94,22.54,61.00,25
2023-01-22T10:42:22Z,60.94,22.54,61.00,-28
2023-01-22T10:42:23Z,61.12,22.54,61.00,-58
2023-01-22T10:42:24Z,61.31,22.54,61.00,16
2023-01-22T10:42:25Z,61.31,22.53,61.00,-64
2023-01-22T10:42:26Z,61.31,22.53,61.00,10
2023-01-22T10:42:27Z,61.44,22.53,61.00,10
2023-01-22T10:42:28Z,61.50,22.53,61.00,-70
2023-01-22T10:42:29Z,61.56,22.53,61.00,4
2023-01-22T10:42:30Z,61.56,22.53,61.00,-22
2023-01-22T10:42:31Z,61.62,22.53,63.00,-24
2023-01-22T10:42:32Z,61.69,22.53,63.00,60
2023-01-22T10:42:33Z,61.69,22.54,63.00,34
2023-01-22T10:42:34Z,61.69,22.54,63.00,59
2023-01-22T10:42:35Z,61.69,22.54,63.00,59
2023-01-22T10:42:36Z,61.69,22.54,63.00,59
2023-01-22T10:42:37Z,61.81,22.54,63.00,5
2023-01-22T10:42:38Z,61.94,22.54,63.00,1
2023-01-22T10:42:39Z,61.94,22.54,63.00,51
2023-01-22T10:42:40Z,62.00,22.54,63.00,25
2023-01-22T10:42:41Z,62.06,22.54,63.00,23
2023-01-22T10:42:42Z,62.06,22.54,63.00,48
2023-01-22T10:42:43Z,62.06,22.54,63.00,48
2023-01-22T10:42:44Z,62.06,22.54,63.00,48
2023-01-22T10:42:45Z,62.19,22.54,63.00,-5
2023-01-22T10:42:46Z,62.25,22.54,63.00,17
2023-01-22T10:42:47Z,62.25,22.54,63.00,42
2023-01-22T10:42:48Z,62.31,22.54,63.00,15
2023-01-22T10:42:49Z,62.31,22.53,63.00,40
2023-01-22T10:42:50Z,62.38,22.53,63.00,13
2023-01-22T10:42:51Z,62.50,22.53,63.00,-14
2023-01-22T10:42:52Z,62.50,22.53,63.00,35
2023-01-22T10:42:53Z,62.50,22.53,63.00,35
2023-01-22T10:42:54Z,62.62,22.52,63.00,-18
2023-01-22T10:42:55Z,62.62,22.52,63.00,31
2023-01-22T10:42:56Z,62.62,22.52,63.00,31
2023-01-22T10:42:57Z,62.62,22.51,63.00,31
2023-01-22T10:42:58Z,62.62,22.51,63.00,31
2023-01-22T10:42:59Z,62.62,22.51,63.00,31
2023-01-22T10:43:00Z,62.62,22.51,63.00,31
2023-01-22T10:43:01Z,62.69,22.50,63.00,4
2023-01-22T10:43:02Z,62.69,22.50,63.00,29
2023-01-22T10:43:03Z,62.69,22.50,63.00,29
2023-01-22T10:43:04Z,62.69,22.50,63.00,29
2023-01-22T10:43:05Z,62.69,22.50,63.00,29
2023-01-22T10:43:06Z,62.75,22.50,63.00,2
2023-01-22T10:43:07Z,62.75,22.50,63.00,27
2023-01-22T10:43:08Z,62.69,22.50,63.00,54
2023-01-22T10:43:09Z,62.75,22.50,63.00,2
2023-01-22T10:43:10Z,62.75,22.50,63.00,27
2023-01-22T10:43:11Z,62.75,22.50,63.00,27
2023-01-22T10:43:12Z,62.75,22.50,63.00,27
2023-01-22T10:43:13Z,62.75,22.50,63.00,27
2023-01-22T10:43:14Z,62.75,22.51,63.00,27
2023-01-22T10:43:15Z,62.75,22.51,63.00,27
2023-01-22T10:43:16Z,62.75,22.51,63.00,27
2023-01-22T10:43:17Z,62.81,22.51,63.00,0
2023-01-22T10:43:18Z,62.81,22.51,63.00,25
2023-01-22T10:43:19Z,62.75,22.52,63.00,52
2023-01-22T10:43:20Z,62.75,22.52,63.00,27
2023-01-22T10:43:21Z,62.75,22.52,63.00,27
2023-01-22T10:43:22Z,62.69,22.53,63.00,54
2023-01-22T10:43:23Z,62.69,22.53,63.00,29
2023-01-22T10:43:24Z,62.69,22.53,63.00,29
2023-01-22T10:43:25Z,62.69,22.54,63.00,29
2023-01-22T10:43:26Z,62.75,22.54,63.00,2
2023-01-22T10:43:27Z,62.75,22.54,63.00,27
2023-01-22T10:43:28Z,62.75,22.55,63.00,27
2023-01-22T10:43:29Z,62.75,22.55,63.00,27
2023-01-22T10:43:30Z,62.75,22.55,63.00,27
2023-01-22T10:43:31Z,62.75,22.56,54.00,27
2023-01-22T10:43:32Z,62.75,22.56,54.00,-100
2023-01-22T10:43:33Z,62.75,22.57,54.00,-100
2023-01-22T10:43:34Z,62.75,22.57,54.00,-100
2023-01-22T10:43:35Z,62.56,22.57,54.00,-100
2023-01-22T10:43:36Z,62.56,22.58,54.00,-100
2023-01-22T10:43:37Z,62.38,22.58,54.00,-100
2023-01-22T10:43:38Z,62.38,22.58,54.00,-100
2023-01-22T10:43:39Z,62.06,22.59,54.00,-100
2023-01-22T10:43:40Z,61.88,22.59,54.00,-100
2023-01-22T10:43:41Z,61.88,22.59,54.00,-100
2023-01-22T10:43:42Z,61.62,22.60,54.00,-100
2023-01-22T10:43:43Z,61.62,22.60,54.00,-100
2023-01-22T10:43:44Z,61.38,22.60,54.00,-100
2023-01-22T10:43:45Z,61.06,22.61,54.00,-97
2023-01-22T10:43:46Z,61.06,22.61,54.00,-100
2023-01-22T10:43:47Z,60.81,22.61,54.00,-100
2023-01-22T10:43:48Z,60.81,22.61,54.00,-100
2023-01-22T10:43:49Z,60.56,22.62,54.00,-100
2023-01-22T10:43:50Z,60.25,22.62,54.00,-82
2023-01-22T10:43:51Z,60.25,22.62,54.00,-100
2023-01-22T10:43:52Z,59.94,22.62,54.00,-73
2023-01-22T10:43:53Z,59.69,22.62,54.00,-90
2023-01-22T10:43:54Z,59.69,22.62,54.00,-100
2023-01-22T10:43:55Z,59.50,22.63,54.00,-100
2023-01-22T10:43:56Z,59.50,22.63,54.00,-100
2023-01-22T10:43:57Z,59.25,22.63,54.00,-77
2023-01-22T10:43:58Z,59.00,22.63,54.00,-70
2023-01-22T10:43:59Z,59.00,22.63,54.00,-100
2023-01-22T10:44:00Z,58.75,22.63,54.00,-62
2023-01-22T10:44:01Z,58.75,22.63,54.00,-100
2023-01-22T10:44:02Z,58.50,22.63,54.00,-55
2023-01-22T10:44:03Z,58.31,22.64,54.00,-74
2023-01-22T10:44:04Z,58.31,22.64,54.00,-100
2023-01-22T10:44:05Z,58.06,22.64,54.00,-41
2023-01-22T10:44:06Z,58.06,22.64,54.00,-100
2023-01-22T10:44:07Z,57.88,22.64,54.00,-61
2023-01-22T10:44:08Z,57.62,22.64,54.00,-28
2023-01-22T10:44:09Z,57.62,22.64,54.00,-100
2023-01-22T10:44:10Z,57.44,22.64,54.00,-48
2023-01-22T10:44:11Z,57.19,22.64,54.00,-15
2023-01-22T10:44:12Z,57.19,22.64,54.00,-100
2023-01-22T10:44:13Z,57.00,22.64,54.00,-35
2023-01-22T10:44:14Z,57.00,22.63,54.00,-100
2023-01-22T10:44:15Z,56.88,22.63,54.00,-56
2023-01-22T10:44:16Z,56.69,22.63,54.00,-25
2023-01-22T10:44:17Z,56.69,22.63,54.00,-100
2023-01-22T10:44:18Z,56.44,22.63,54.00,6
2023-01-22T10:44:19Z,56.44,22.63,54.00,-93
2023-01-22T10:44:20Z,56.25,22.63,54.00,-12
2023-01-22T10:44:21Z,56.06,22.63,54.00,-6
2023-01-22T10:44:22Z,56.06,22.64,54.00,-81
2023-01-22T10:44:23Z,55.88,22.64,54.00,-1
2023-01-22T10:44:24Z,55.88,22.64,54.00,-76
2023-01-22T10:44:25Z,55.69,22.64,54.00,4
2023-01-22T10:44:26Z,55.50,22.64,54.00,9
2023-01-22T10:44:27Z,55.50,22.64,54.00,-65
2023-01-22T10:44:28Z,55.38,22.64,54.00,-11
2023-01-22T10:44:29Z,55.25,22.64,54.00,-7
2023-01-22T10:44:30Z,55.25,22.64,54.00,-57
2023-01-22T10:44:31Z,55.19,22.64,33.00,-30
2023-01-22T10:44:32Z,55.19,22.64,33.00,-100
2023-01-22T10:44:33Z,55.06,22.64,33.00,-100
2023-01-22T10:44:34Z,54.94,22.64,33.00,-100
2023-01-22T10:44:35Z,54.94,22.64,33.00,-100
2023-01-22T10:44:36Z,54.75,22.65,33.00,-100
2023-01-22T10:44:37Z,54.75,22.65,33.00,-100
2023-01-22T10:44:38Z,54.50,22.65,33.00,-100
2023-01-22T10:44:39Z,54.19,22.65,33.00,-100
2023-01-22T10:44:40Z,54.19,22.65,33.00,-100
2023-01-22T10:44:41Z,53.94,22.66,33.00,-100
2023-01-22T10:44:42Z,53.94,22.66,33.00,-100
2023-01-22T10:44:43Z,53.69,22.66,33.00,-100
2023-01-22T10:44:44Z,53.44,22.66,33.00,-100
2023-01-22T10:44:45Z,53.44,22.66,33.00,-100
2023-01-22T10:44:46Z,53.12,22.67,33.00,-100
2023-01-22T10:44:47Z,52.88,22.67,33.00,-100
2023-01-22T10:44:48Z,52.88,22.67,33.00,-100
2023-01-22T10:44:49Z,52.62,22.67,33.00,-100
2023-01-22T10:44:50Z,52.62,22.67,33.00,-100
2023-01-22T10:44:51Z,52.38,22.67,33.00,-100
2023-01-22T10:44:52Z,52.12,22.68,33.00,-100
2023-01-22T10:44:53Z,52.12,22.68,33.00,-100
2023-01-22T10:44:54Z,51.94,22.68,33.00,-100
2023-01-22T10:44:55Z,51.94,22.68,33.00,-100
2023-01-22T10:44:56Z,51.69,22.68,33.00,-100
2023-01-22T10:44:57Z,51.38,22.69,33.00,-100
2023-01-22T10:44:58Z,51.38,22.69,33.00,-100
2023-01-22T10:44:59Z,51.19,22.69,33.00,-100
2023-01-22T10:45:00Z,51.19,22.69,33.00,-100
2023-01-22T10:45:01Z,50.94,22.69,33.00,-100
2023-01-22T10:45:02Z,50.69,22.70,33.00,-100
2023-01-22T10:45:03Z,50.69,22.70,33.00,-100
2023-01-22T10:45:04Z,50.44,22.70,33.00,-100
2023-01-22T10:45:05Z,50.25,22.70,33.00,-100
2023-01-22T10:45:06Z,50.25,22.70,33.00,-100
2023-01-22T10:45:07Z,50.00,22.70,33.00,-100
2023-01-22T10:45:08Z,50.00,22.70,33.00,-100
2023-01-22T10:45:09Z,49.81,22.70,33.00,-100
2023-01-22T10:45:10Z,49.62,22.70,33.00,-100
2023-01-22T10:45:11Z,49.62,22.70,33.00,-100
2023-01-22T10:45:12Z,49.38,22.70,33.00,-100
2023-01-22T10:45:13Z,49.38,22.70,33.00,-100
2023-01-22T10:45:14Z,49.12,22.70,33.00,-100
2023-01-22T10:45:15Z,48.94,22.70,33.00,-100
2023-01-22T10:45:16Z,48.94,22.70,33.00,-100
2023-01-22T10:45:17Z,48.75,22.70,33.00,-100
2023-01-22T10:45:18Z,48.56,22.70,33.00,-100
2023-01-22T10:45:19Z,48.56,22.70,33.00,-100
2023-01-22T10:45:20Z,48.31,22.70,33.00,-100
2023-01-22T10:45:21Z,48.31,22.70,33.00,-100
2023-01-22T10:45:22Z,48.12,22.70,33.00,-100
2023-01-22T10:45:23Z,47.94,22.70,33.00,-100
2023-01-22T10:45:24Z,47.94,22.70,33.00,-100
2023-01-22T10:45:25Z,47.75,22.70,33.00,-100
2023-01-22T10:45:26Z,47.75,22.70,33.00,-100
2023-01-22T10:45:27Z,47.56,22.70,33.00,-100
2023-01-22T10:45:28Z,47.44,22.70,33.00,-100
2023-01-22T10:45:29Z,47.44,22.70,33.00,-100
2023-01-22T10:45:30Z,47.25,22.71,33.00,-100
2023-01-22T10:45:31Z,47.25,22.71,33.00,-100
2023-01-22T10:45:32Z,47.00,22.71,33.00,-100
2023-01-22T10:45:33Z,46.81,22.71,33.00,-100
2023-01-22T10:45:34Z,46.81,22.72,33.00,-100
2023-01-22T10:45:35Z,46.62,22.72,33.00,-100
2023-01-22T10:45:36Z,46.44,22.72,33.00,-100
2023-01-22T10:45:37Z,46.44,22.73,33.00,-100
2023-01-22T10:45:38Z,46.31,22.73,33.00,-100
2023-01-22T10:45:39Z,46.31,22.73,33.00,-100
2023-01-22T10:45:40Z,46.12,22.74,33.00,-100
2023-01-22T10:45:41Z,45.94,22.74,33.00,-100
2023-01-22T10:45:42Z,45.94,22.75,33.00,-100
2023-01-22T10:45:43Z,45.75,22.75,33.00,-100
2023-01-22T10:45:44Z,45.75,22.75,33.00,-100
2023-01-22T10:45:45Z,45.56,22.76,33.00,-100
2023-01-22T10:45:46Z,45.44,22.76,33.00,-100
2023-01-22T10:45:47Z,45.44,22.76,33.00,-100
2023-01-22T10:45:48Z,45.25,22.77,33.00,-100
2023-01-22T10:45:49Z,45.25,22.77,33.00,-100
2023-01-22T10:45:50Z,45.06,22.78,33.00,-100
2023-01-22T10:45:51Z,44.88,22.78,33.00,-100
2023-01-22T10:45:52Z,44.88,22.78,33.00,-100
2023-01-22T10:45:53Z,44.69,22.79,33.00,-100
2023-01-22T10:45:54Z,44.56,22.79,33.00,-100
2023-01-22T10:45:55Z,44.56,22.79,33.00,-100
2023-01-22T10:45:56Z,44.31,22.79,33.00,-100
2023-01-22T10:45:57Z,44.19,22.80,33.00,-100
2023-01-22T10:45:58Z,44.19,22.80,33.00,-100
2023-01-22T10:45:59Z,44.06,22.80,33.00,-100
2023-01-22T10:46:00Z,43.88,22.80,33.00,-100
2023-01-22T10:46:01Z,43.88,22.80,33.00,-100
2023-01-22T10:46:02Z,43.88,22.80,33.00,-100
2023-01-22T10:46:03Z,43.56,22.80,33.00,-100
2023-01-22T10:46:04Z,43.56,22.80,33.00,-100
2023-01-22T10:46:05Z,43.56,22.81,33.00,-100
2023-01-22T10:46:06Z,43.38,22.81,33.00,-100
2023-01-22T10:46:07Z,43.38,22.81,33.00,-100
2023-01-22T10:46:08Z,43.25,22.81,33.00,-100
2023-01-22T10:46:09Z,43.06,22.81,33.00,-100
2023-01-22T10:46:10Z,43.06,22.80,33.00,-100
2023-01-22T10:46:11Z,42.94,22.80,33.00,-100
2023-01-22T10:46:12Z,42.75,22.80,33.00,-100
2023-01-22T10:46:13Z,42.75,22.79,33.00,-100
2023-01-22T10:46:14Z,42.62,22.79,33.00,-100
2023-01-22T10:46:15Z,42.62,22.78,33.00,-100
2023-01-22T10:46:16Z,42.38,22.78,33.00,-100
2023-01-22T10:46:17Z,42.19,22.77,33.00,-100
2023-01-22T10:46:18Z,42.19,22.76,33.00,-100
2023-01-22T10:46:19Z,42.06,22.76,33.00,-100
2023-01-22T10:46:20Z,42.06,22.75,33.00,-100
2023-01-22T10:46:21Z,41.81,22.74,33.00,-100
2023-01-22T10:46:22Z,41.75,22.74,33.00,-100
2023-01-22T10:46:23Z,41.75,22.73,33.00,-100
2023-01-22T10:46:24Z,41.56,22.72,33.00,-100
2023-01-22T10:46:25Z,41.44,22.72,33.00,-100
2023-01-22T10:46:26Z,41.44,22.72,33.00,-100
2023-01-22T10:46:27Z,41.25,22.71,33.00,-100
2023-01-22T10:46:28Z,41.25,22.71,33.00,-100
2023-01-22T10:46:29Z,41.12,22.71,33.00,-100
2023-01-22T10:46:30Z,40.94,22.70,33.00,-100
2023-01-22T10:46:31Z,40.94,22.70,25.00,-100
2023-01-22T10:46:32Z,40.81,22.70,25.00,-100
2023-01-22T10:46:33Z,40.81,22.70,25.00,-100
2023-01-22T10:46:34Z,40.69,22.69,25.00,-100
2023-01-22T10:46:35Z,40.56,22.69,25.00,-100
2023-01-22T10:46:36Z,40.56,22.69,25.00,-100
2023-01-22T10:46:37Z,40.38,22.69,25.00,-100
2023-01-22T10:46:38Z,40.38,22.68,25.00,-100
2023-01-22T10:46:39Z,40.25,22.68,25.00,-100
2023-01-22T10:46:40Z,40.12,22.68,25.00,-100
2023-01-22T10:46:41Z,40.12,22.67,25.00,-100
2023-01-22T10:46:42Z,40.00,22.67,25.00,-100
2023-01-22T10:46:43Z,39.88,22.66,25.00,-100
2023-01-22T10:46:44Z,39.88,22.66,25.00,-100
2023-01-22T10:46:45Z,39.75,22.66,25.00,-100
2023-01-22T10:46:46Z,39.62,22.65,25.00,-100
2023-01-22T10:46:47Z,39.62,22.65,25.00,-100
2023-01-22T10:46:48Z,39.50,22.65,25.00,-100
2023-01-22T10:46:49Z,39.38,22.65,25.00,-100
2023-01-22T10:46:50Z,39.38,22.65,25.00,-100
2023-01-22T10:46:51Z,39.38,22.64,25.00,-100
2023-01-22T10:46:52Z,39.06,22.64,25.00,-100
2023-01-22T10:46:53Z,39.06,22.64,25.00,-100
2023-01-22T10:46:54Z,39.06,22.64,25.00,-100
2023-01-22T10:46:55Z,39.00,22.64,25.00,-100
2023-01-22T10:46:56Z,39.00,22.64,25.00,-100
2023-01-22T10:46:57Z,38.88,22.64,25.00,-100
2023-01-22T10:46:58Z,38.75,22.64,25.00,-100
2023-01-22T10:46:59Z,38.75,22.65,25.00,-100
2023-01-22T10:47:00Z,38.62,22.65,25.00,-100
2023-01-22T10:47:01Z,38.56,22.65,25.00,-100
2023-01-22T10:47:02Z,38.56,22.65,25.00,-100
2023-01-22T10:47:03Z,38.44,22.65,25.00,-100
2023-01-22T10:47:04Z,38.44,22.65,25.00,-100
2023-01-22T10:47:05Z,38.31,22.65,25.00,-100
2023-01-22T10:47:06Z,38.19,22.65,25.00,-100
2023-01-22T10:47:07Z,38.19,22.65,25.00,-100
2023-01-22T10:47:08Z,38.06,22.65,25.00,-100
2023-01-22T10:47:09Z,38.06,22.65,25.00,-100
2023-01-22T10:47:10Z,37.94,22.65,25.00,-100
2023-01-22T10:47:11Z,37.81,22.65,25.00,-100
2023-01-22T10:47:12Z,37.81,22.65,25.00,-100
2023-01-22T10:47:13Z,37.75,22.65,25.00,-100
2023-01-22T10:47:14Z,37.62,22.65,25.00,-100
2023-01-22T10:47:15Z,37.62,22.65,25.00,-100
2023-01-22T10:47:16Z,37.50,22.65,25.00,-100
2023-01-22T10:47:17Z,37.44,22.65,25.00,-100
2023-01-22T10:47:18Z,37.44,22.64,25.00,-100
2023-01-22T10:47:19Z,37.31,22.64,25.00,-100
2023-01-22T10:47:20Z,37.19,22.64,25.00,-100
2023-01-22T10:47:21Z,37.19,22.64,25.00,-100
2023-01-22T10:47:22Z,37.19,22.64,25.00,-100
2023-01-22T10:47:23Z,36.94,22.63,25.00,-100
2023-01-22T10:47:24Z,36.94,22.63,25.00,-100
2023-01-22T10:47:25Z,36.94,22.62,25.00,-100
2023-01-22T10:47:26Z,36.88,22.62,25.00,-100
2023-01-22T10:47:27Z,36.88,22.61,25.00,-100
2023-01-22T10:47:28Z,36.75,22.61,25.00,-100
2023-01-22T10:47:29Z,36.62,22.61,25.00,-100
2023-01-22T10:47:30Z,36.62,22.60,25.00,-100
2023-01-22T10:47:31Z,36.50,22.60,25.00,-100
2023-01-22T10:47:32Z,36.44,22.59,25.00,-100
2023-01-22T10:47:33Z,36.44,22.59,25.00,-100
2023-01-22T10:47:34Z,36.31,22.58,25.00,-100
2023-01-22T10:47:35Z,36.31,22.58,25.00,-100
2023-01-22T10:47:36Z,36.19,22.57,25.00,-100
2023-01-22T10:47:37Z,36.06,22.56,25.00,-100
2023-01-22T10:47:38Z,36.06,22.56,25.00,-100
2023-01-22T10:47:39Z,36.00,22.55,25.00,-100
2023-01-22T10:47:40Z,36.00,22.55,25.00,-100
2023-01-22T10:47:41Z,35.94,22.54,25.00,-100
2023-01-22T10:47:42Z,35.81,22.53,25.00,-100
2023-01-22T10:47:43Z,35.81,22.53,25.00,-100
2023-01-22T10:47:44Z,35.69,22.52,25.00,-100
2023-01-22T10:47:45Z,35.62,22.51,25.00,-100
2023-01-22T10:47:46Z,35.62,22.51,25.00,-100
2023-01-22T10:47:47Z,35.50,22.50,25.00,-100
2023-01-22T10:47:48Z,35.50,22.50,25.00,-100
2023-01-22T10:47:49Z,35.38,22.49,25.00,-100
2023-01-22T10:47:50Z,35.31,22.49,25.00,-100
2023-01-22T10:47:51Z,35.31,22.48,25.00,-100
2023-01-22T10:47:52Z,35.19,22.48,25.00,-100
2023-01-22T10:47:53Z,35.06,22.47,25.00,-100
2023-01-22T10:47:54Z,35.06,22.47,25.00,-100
2023-01-22T10:47:55Z,35.00,22.46,25.00,-100
2023-01-22T10:47:56Z,35.00,22.46,25.00,-100
2023-01-22T10:47:57Z,34.88,22.46,25.00,-100
2023-01-22T10:47:58Z,34.88,22.45,25.00,-100
2023-01-22T10:47:59Z,34.75,22.45,25.00,-100
2023-01-22T10:48:00Z,34.69,22.44,25.00,-100
2023-01-22T10:48:01Z,34.56,22.44,25.00,-100
2023-01-22T10:48:02Z,34.56,22.43,25.00,-100
2023-01-22T10:48:03Z,34.44,22.43,25.00,-100
2023-01-22T10:48:04Z,34.44,22.42,25.00,-100
2023-01-22T10:48:05Z,34.31,22.41,25.00,-100
2023-01-22T10:48:06Z,34.31,22.40,25.00,-100
2023-01-22T10:48:07Z,34.25,22.40,25.00,-100
2023-01-22T10:48:08Z,34.12,22.39,25.00,-100
2023-01-22T10:48:09Z,34.12,22.39,25.00,-100
2023-01-22T10:48:10Z,34.06,22.38,25.00,-100
2023-01-22T10:48:11Z,33.94,22.38,25.00,-100
2023-01-22T10:48:12Z,33.94,22.38,25.00,-100
2023-01-22T10:48:13Z,33.88,22.37,25.00,-100
2023-01-22T10:48:14Z,33.88,22.37,25.00,-100
2023-01-22T10:48:15Z,33.81,22.36,25.00,-100
2023-01-22T10:48:16Z,33.81,22.36,25.00,-100
2023-01-22T10:48:17Z,33.69,22.35,25.00,-100
2023-01-22T10:50:10Z,0.00,0.00,0.00,0
2023-01-22T10:50:11Z,0.00,0.00,0.00,0
2023-01-22T10:50:12Z,0.00,0.00,0.00,0
2023-01-22T10:50:13Z,0.00,0.00,0.00,0
2023-01-22T10:50:14Z,0.00,0.00,0.00,0
2023-01-22T10:50:15Z,0.00,19.58,0.00,0
2023-01-22T10:50:16Z,0.00,22.39,0.00,0
2023-01-22T10:50:17Z,33.62,22.39,35.00,0
2023-01-22T10:50:18Z,33.62,22.39,35.00,0
2023-01-22T10:50:19Z,33.62,22.39,35.00,0
2023-01-22T10:50:20Z,33.62,22.39,35.00,100
2023-01-22T10:50:21Z,33.62,22.39,35.00,42
2023-01-22T10:50:22Z,33.62,22.39,35.00,42
2023-01-22T10:50:23Z,33.62,22.39,35.00,42
2023-01-22T10:50:24Z,33.62,22.40,35.00,43
2023-01-22T10:50:25Z,33.56,22.40,30.00,-100
2023-01-22T10:50:26Z,33.56,22.40,30.00,-100
2023-01-22T10:50:27Z,33.56,22.41,30.00,-100
2023-01-22T10:50:28Z,33.56,22.41,30.00,-100
2023-01-22T10:50:29Z,33.50,22.41,30.00,-100
2023-01-22T10:50:30Z,33.38,22.42,30.00,-54
2023-01-22T10:50:31Z,33.38,22.42,30.00,-100
2023-01-22T10:50:32Z,33.31,22.43,30.00,-100
2023-01-22T10:50:33Z,33.19,22.43,30.00,-52
2023-01-22T10:50:34Z,33.19,22.43,30.00,-100
2023-01-22T10:50:35Z,33.12,22.44,30.00,-100
2023-01-22T10:50:36Z,33.00,22.44,30.00,-48
2023-01-22T10:50:37Z,33.00,22.45,30.00,-99
2023-01-22T10:50:38Z,32.94,22.45,30.00,-100
2023-01-22T10:50:39Z,32.94,22.46,30.00,-99
2023-01-22T10:50:40Z,32.88,22.46,30.00,-73
2023-01-22T10:50:41Z,32.88,22.47,45.00,-98
2023-01-22T10:50:42Z,32.75,22.47,45.00,100
2023-01-22T10:50:43Z,32.69,22.47,65.00,100
2023-01-22T10:50:44Z,32.69,22.48,65.00,100
2023-01-22T10:50:45Z,32.56,22.48,65.00,100
2023-01-22T10:50:46Z,32.56,22.48,65.00,100
2023-01-22T10:50:47Z,32.56,22.48,65.00,100
2023-01-22T10:50:48Z,32.56,22.49,65.00,100
2023-01-22T10:50:49Z,32.56,22.49,65.00,100
2023-01-22T10:50:50Z,32.62,22.49,65.00,100
2023-01-22T10:50:51Z,32.75,22.49,65.00,100
2023-01-22T10:50:52Z,32.75,22.49,65.00,100
2023-01-22T10:50:53Z,32.81,22.49,65.00,100
2023-01-22T10:50:54Z,32.94,22.49,65.00,100
2023-01-22T10:50:55Z,32.94,22.49,65.00,100
2023-01-22T10:50:56Z,33.12,22.49,65.00,100
2023-01-22T10:50:57Z,33.12,22.50,65.00,100
2023-01-22T10:50:58Z,33.25,22.50,65.00,100
2023-01-22T10:50:59Z,33.25,22.50,65.00,100
2023-01-22T10:51:00Z,33.44,22.51,65.00,100
2023-01-22T10:51:01Z,33.62,22.51,65.00,100
2023-01-22T10:51:02Z,33.62,22.51,65.00,100
2023-01-22T10:51:03Z,33.81,22.51,65.00,100
2023-01-22T10:51:04Z,33.81,22.51,65.00,100
2023-01-22T10:51:05Z,34.06,22.52,65.00,100
2023-01-22T10:51:06Z,34.25,22.52,65.00,100
2023-01-22T10:51:07Z,34.25,22.52,65.00,100
2023-01-22T10:51:08Z,34.50,22.52,65.00,100
2023-01-22T10:51:09Z,34.75,22.53,65.00,100
2023-01-22T10:51:10Z,34.75,22.53,65.00,100
2023-01-22T10:51:11Z,35.06,22.53,65.00,100
2023-01-22T10:51:12Z,35.38,22.53,65.00,100
2023-01-22T10:51:13Z,35.38,22.54,65.00,100
2023-01-22T10:51:14Z,35.62,22.54,65.00,100
2023-01-22T10:51:15Z,35.62,22.54,65.00,100
2023-01-22T10:51:16Z,35.88,22.54,65.00,100
2023-01-22T10:51:17Z,35.88,22.55,65.00,100
2023-01-22T10:51:18Z,36.25,22.55,65.00,100
2023-01-22T10:51:19Z,36.62,22.55,65.00,100
2023-01-22T10:51:20Z,36.62,22.55,65.00,100
2023-01-22T10:51:21Z,36.94,22.56,65.00,100
2023-01-22T10:51:22Z,36.94,22.56,65.00,100
2023-01-22T10:51:23Z,37.25,22.56,65.00,100
2023-01-22T10:51:24Z,37.62,22.56,65.00,100
2023-01-22T10:51:25Z,37.62,22.57,65.00,100
2023-01-22T10:51:26Z,37.94,22.57,65.00,100
2023-01-22T10:51:27Z,38.38,22.58,65.00,100
2023-01-22T10:51:28Z,38.38,22.58,65.00,100
2023-01-22T10:51:29Z,38.69,22.58,65.00,100
2023-01-22T10:51:30Z,39.06,22.59,65.00,100
2023-01-22T10:51:31Z,39.06,22.59,65.00,100
2023-01-22T10:51:32Z,39.44,22.59,25.00,100
2023-01-22T10:51:33Z,39.88,22.60,25.00,-100
2023-01-22T10:51:34Z,39.88,22.60,25.00,-100
2023-01-22T10:51:35Z,40.19,22.60,25.00,-100
2023-01-22T10:51:36Z,40.19,22.60,25.00,-100
2023-01-22T10:51:37Z,40.50,22.60,25.00,-100
2023-01-22T10:51:38Z,40.75,22.60,25.00,-100
2023-01-22T10:51:39Z,40.75,22.60,25.00,-100
2023-01-22T10:51:40Z,40.75,22.60,25.00,-100
2023-01-22T10:51:41Z,41.00,22.60,25.00,-100
2023-01-22T10:51:42Z,41.19,22.60,25.00,-100
2023-01-22T10:51:43Z,41.19,22.60,25.00,-100
2023-01-22T10:51:44Z,41.38,22.60,65.00,-100
2023-01-22T10:51:45Z,41.56,22.60,65.00,100
2023-01-22T10:51:46Z,41.56,22.60,65.00,100
2023-01-22T10:51:47Z,41.75,22.60,65.00,100
2023-01-22T10:51:48Z,41.75,22.60,65.00,100
2023-01-22T10:51:49Z,41.94,22.60,65.00,100
2023-01-22T10:51:50Z,42.19,22.60,20.00,100
2023-01-22T10:51:51Z,42.19,22.60,20.00,-100
2023-01-22T10:51:52Z,42.50,22.60,20.00,-100
2023-01-22T10:51:53Z,42.75,22.60,20.00,-100
2023-01-22T10:51:54Z,42.75,22.61,20.00,-100
2023-01-22T10:51:55Z,42.94,22.61,20.00,-100
2023-01-22T10:51:56Z,43.06,22.61,20.00,-100
2023-01-22T10:51:57Z,43.06,22.61,20.00,-100
2023-01-22T10:51:58Z,43.06,22.61,20.00,-100
2023-01-22T10:51:59Z,43.19,22.61,20.00,-100
2023-01-22T10:52:00Z,43.31,22.62,20.00,-100
2023-01-22T10:52:01Z,43.31,22.62,20.00,-100
2023-01-22T10:52:02Z,43.38,22.62,20.00,-100
2023-01-22T10:52:03Z,43.50,22.62,20.00,-100
2023-01-22T10:52:04Z,43.50,22.62,20.00,-100
2023-01-22T10:52:05Z,43.56,22.63,20.00,-100
2023-01-22T10:52:06Z,43.56,22.63,20.00,-100
2023-01-22T10:52:07Z,43.62,22.63,20.00,-100
2023-01-22T10:52:08Z,43.69,22.63,20.00,-100
2023-01-22T10:52:09Z,43.69,22.63,20.00,-100
2023-01-22T10:52:10Z,43.75,22.63,20.00,-100
2023-01-22T10:52:11Z,43.75,22.63,50.00,-100
2023-01-22T10:52:12Z,43.75,22.63,50.00,100
2023-01-22T10:52:13Z,43.81,22.63,50.00,100
2023-01-22T10:52:14Z,43.88,22.63,50.00,100
2023-01-22T10:52:15Z,43.88,22.63,50.00,100
2023-01-22T10:52:16Z,43.94,22.63,50.00,100
2023-01-22T10:52:17Z,43.94,22.63,50.00,100
2023-01-22T10:52:18Z,44.12,22.63,50.00,93
2023-01-22T10:52:19Z,44.12,22.63,50.00,100
2023-01-22T10:52:20Z,44.31,22.64,50.00,100
2023-01-22T10:52:21Z,44.44,22.64,50.00,100
2023-01-22T10:52:22Z,44.44,22.64,50.00,100
2023-01-22T10:52:23Z,44.69,22.64,50.00,100
2023-01-22T10:52:24Z,44.69,22.64,50.00,100
2023-01-22T10:52:25Z,44.88,22.64,50.00,80
2023-01-22T10:52:26Z,45.12,22.64,50.00,100
2023-01-22T10:52:27Z,45.12,22.64,50.00,100
2023-01-22T10:52:28Z,45.38,22.65,50.00,44
2023-01-22T10:52:29Z,45.62,22.65,50.00,100
2023-01-22T10:52:30Z,45.62,22.65,50.00,100
2023-01-22T10:52:31Z,45.88,22.65,50.00,33
2023-01-22T10:52:32Z,46.06,22.65,50.00,100
2023-01-22T10:52:33Z,46.06,22.66,50.00,100
2023-01-22T10:52:34Z,46.38,22.66,50.00,-3
2023-01-22T10:52:35Z,46.38,22.66,50.00,100
2023-01-22T10:52:36Z,46.56,22.66,50.00,43
2023-01-22T10:52:37Z,46.56,22.66,50.00,100
2023-01-22T10:52:38Z,46.81,22.65,50.00,100
2023-01-22T10:52:39Z,47.12,22.65,50.00,-21
2023-01-22T10:52:40Z,47.12,22.65,50.00,100
2023-01-22T10:52:41Z,47.38,22.65,50.00,100
2023-01-22T10:52:42Z,47.38,22.65,50.00,98
2023-01-22T10:52:43Z,47.62,22.65,50.00,-8
2023-01-22T10:52:44Z,47.88,22.65,50.00,91
2023-01-22T10:52:45Z,47.88,22.65,50.00,83
2023-01-22T10:52:46Z,48.12,22.65,50.00,-23
2023-01-22T10:52:47Z,48.38,22.65,50.00,76
2023-01-22T10:52:48Z,48.38,22.65,50.00,68
2023-01-22T10:52:49Z,48.62,22.65,50.00,-38
2023-01-22T10:52:50Z,48.88,22.65,50.00,61
2023-01-22T10:52:51Z,48.88,22.65,50.00,53
2023-01-22T10:52:52Z,49.06,22.65,50.00,-26
2023-01-22T10:52:53Z,49.06,22.65,50.00,48
2023-01-22T10:52:54Z,49.25,22.66,50.00,-32
2023-01-22T10:52:55Z,49.25,22.66,50.00,42
2023-01-22T10:52:56Z,49.50,22.66,50.00,42
2023-01-22T10:52:57Z,49.69,22.66,50.00,-39
2023-01-22T10:52:58Z,49.69,22.66,50.00,35
2023-01-22T10:52:59Z,49.88,22.66,50.00,35
2023-01-22T10:53:00Z,49.88,22.66,50.00,100
2023-01-22T10:53:01Z,50.06,22.66,50.00,100
2023-01-22T10:53:02Z,50.19,22.66,50.00,100
2023-01-22T10:53:03Z,50.19,22.67,50.00,100
2023-01-22T10:53:04Z,50.38,22.67,50.00,100
2023-01-22T10:53:05Z,50.56,22.67,50.00,100
2023-01-22T10:53:06Z,50.56,22.67,50.00,100
2023-01-22T10:53:07Z,50.75,22.67,50.00,100
2023-01-22T10:53:08Z,51.00,22.67,50.00,100
2023-01-22T10:53:09Z,51.00,22.67,50.00,100
2023-01-22T10:53:10Z,51.19,22.68,50.00,100
2023-01-22T10:53:11Z,51.44,22.68,50.00,100
2023-01-22T10:53:12Z,51.44,22.68,50.00,100
2023-01-22T10:53:13Z,51.62,22.68,20.00,-100
2023-01-22T10:53:14Z,51.62,22.68,20.00,100
2023-01-22T10:53:15Z,51.81,22.68,20.00,-100
2023-01-22T10:53:16Z,52.00,22.68,20.00,-100
2023-01-22T10:53:17Z,52.00,22.68,20.00,-100
2023-01-22T10:53:18Z,52.00,22.68,20.00,-100
2023-01-22T10:53:19Z,52.12,22.68,20.00,-100
2023-01-22T10:53:20Z,52.12,22.68,20.00,-100
2023-01-22T10:53:21Z,52.12,22.68,20.00,-100
2023-01-22T10:53:22Z,52.19,22.68,20.00,-100
2023-01-22T10:53:23Z,52.19,22.68,20.00,-100
2023-01-22T10:53:24Z,52.19,22.68,20.00,-100
2023-01-22T10:53:25Z,52.19,22.68,20.00,-100
2023-01-22T10:53:26Z,52.19,22.68,20.00,-100
2023-01-22T10:53:27Z,52.12,22.67,20.00,-100
2023-01-22T10:53:28Z,52.06,22.67,20.00,-100
2023-01-22T10:53:29Z,52.06,22.67,20.00,-100
2023-01-22T10:53:30Z,52.12,22.67,20.00,-100
2023-01-22T10:53:31Z,52.06,22.67,20.00,-100
2023-01-22T10:53:32Z,52.06,22.67,20.00,-100
2023-01-22T10:53:33Z,52.00,22.67,20.00,-100
2023-01-22T10:53:34Z,51.94,22.67,20.00,-100
2023-01-22T10:53:35Z,51.94,22.67,20.00,-100
2023-01-22T10:53:36Z,51.94,22.67,20.00,-100
2023-01-22T10:53:37Z,51.94,22.67,20.00,-100
2023-01-22T10:53:38Z,51.88,22.67,20.00,-100
2023-01-22T10:53:39Z,51.88,22.67,20.00,-100
2023-01-22T10:53:40Z,51.81,22.67,20.00,-100
2023-01-22T10:53:41Z,51.69,22.67,20.00,-100
2023-01-22T10:53:42Z,51.69,22.68,20.00,-100
2023-01-22T10:53:46Z,0.00,0.00,0.00,0
2023-01-22T10:53:47Z,0.00,0.00,0.00,0
2023-01-22T10:53:48Z,0.00,0.00,0.00,0
2023-01-22T10:53:49Z,0.00,19.58,0.00,0
2023-01-22T10:53:50Z,52.00,22.74,65.00,100
2023-01-22T10:53:51Z,52.00,22.74,65.00,100
2023-01-22T10:53:52Z,52.12,22.74,60.00,100
2023-01-22T10:53:53Z,52.31,22.74,55.00,100
2023-01-22T10:53:54Z,52.31,22.74,55.00,-100
2023-01-22T10:53:55Z,52.44,22.74,55.00,38
2023-01-22T10:53:56Z,52.50,22.74,55.00,89
2023-01-22T10:53:57Z,52.50,22.74,55.00,63
2023-01-22T10:53:58Z,52.50,22.75,55.00,89
2023-01-22T10:53:59Z,52.50,22.75,55.00,90
2023-01-22T10:54:00Z,52.50,22.75,55.00,90
2023-01-22T10:54:01Z,52.50,22.75,55.00,91
2023-01-22T10:54:02Z,52.50,22.75,55.00,92
2023-01-22T10:54:03Z,52.62,22.75,55.00,92
2023-01-22T10:54:04Z,52.69,22.75,55.00,39
2023-01-22T10:54:05Z,52.69,22.75,55.00,88
2023-01-22T10:54:06Z,52.81,22.75,55.00,88
2023-01-22T10:54:07Z,52.81,22.76,55.00,35
2023-01-22T10:54:08Z,52.81,22.76,55.00,85
2023-01-22T10:54:09Z,52.88,22.76,55.00,58
2023-01-22T10:54:10Z,53.00,22.76,55.00,83
2023-01-22T10:54:11Z,53.00,22.76,55.00,80
2023-01-22T10:54:12Z,53.12,22.76,55.00,26
2023-01-22T10:54:13Z,53.31,22.76,55.00,76
2023-01-22T10:54:14Z,53.44,22.76,55.00,70
2023-01-22T10:54:15Z,53.44,22.77,55.00,16
2023-01-22T10:54:16Z,53.56,22.77,55.00,66
2023-01-22T10:54:17Z,53.56,22.77,55.00,63
2023-01-22T10:54:18Z,53.56,22.77,55.00,63
2023-01-22T10:54:19Z,53.81,22.77,55.00,9
2023-01-22T10:54:20Z,53.81,22.77,55.00,55
2023-01-22T10:54:21Z,53.81,22.77,55.00,55
2023-01-22T10:54:22Z,53.94,22.77,55.00,1
2023-01-22T10:54:23Z,54.06,22.78,55.00,-1
2023-01-22T10:54:24Z,54.19,22.78,55.00,48
2023-01-22T10:54:25Z,54.19,22.78,55.00,-5
2023-01-22T10:54:26Z,54.31,22.78,55.00,-9
2023-01-22T10:54:27Z,54.50,22.78,55.00,40
2023-01-22T10:54:28Z,54.50,22.78,55.00,-39
2023-01-22T10:54:29Z,54.56,22.79,55.00,8
2023-01-22T10:54:30Z,54.56,22.79,55.00,33
2023-01-22T10:54:31Z,54.56,22.79,55.00,33
2023-01-22T10:54:32Z,54.62,22.79,55.00,31
2023-01-22T10:54:33Z,54.75,22.80,55.00,31
2023-01-22T10:54:34Z,54.81,22.80,55.00,-22
2023-01-22T10:54:35Z,54.81,22.80,55.00,25
2023-01-22T10:54:36Z,54.94,22.80,55.00,-28
2023-01-22T10:54:37Z,55.00,22.81,55.00,21
2023-01-22T10:54:38Z,55.00,22.81,55.00,20
2023-01-22T10:54:39Z,55.12,22.81,55.00,20
2023-01-22T10:54:40Z,55.12,22.82,55.00,-33
2023-01-22T10:54:41Z,55.12,22.82,55.00,16
2023-01-22T10:54:42Z,55.19,22.82,55.00,16
2023-01-22T10:54:43Z,55.19,22.82,55.00,-10
2023-01-22T10:54:44Z,55.19,22.82,55.00,14
2023-01-22T10:54:45Z,55.25,22.83,55.00,-12
2023-01-22T10:54:46Z,55.25,22.83,55.00,12
2023-01-22T10:54:47Z,55.25,22.83,55.00,12
2023-01-22T10:54:48Z,55.31,22.83,55.00,-14
2023-01-22T10:54:49Z,55.31,22.83,55.00,10
2023-01-22T10:54:50Z,55.38,22.83,55.00,9
2023-01-22T10:54:51Z,55.38,22.83,55.00,-16
2023-01-22T10:54:52Z,55.44,22.83,55.00,7
2023-01-22T10:54:53Z,55.44,22.83,55.00,5
2023-01-22T10:54:54Z,55.44,22.83,55.00,5
2023-01-22T10:54:55Z,55.50,22.83,55.00,-21
2023-01-22T10:54:56Z,55.50,22.83,55.00,3
2023-01-22T10:54:57Z,55.50,22.83,55.00,3
2023-01-22T10:54:58Z,55.50,22.83,55.00,3
2023-01-22T10:54:59Z,55.44,22.83,55.00,30
2023-01-22T10:55:00Z,55.44,22.83,55.00,5
2023-01-22T10:55:01Z,55.44,22.83,55.00,4
2023-01-22T10:55:02Z,55.44,22.83,55.00,4
2023-01-22T10:55:03Z,55.44,22.83,55.00,4
2023-01-22T10:55:04Z,55.44,22.83,55.00,4
2023-01-22T10:55:05Z,55.38,22.83,55.00,31
2023-01-22T10:55:06Z,55.38,22.83,55.00,6
2023-01-22T10:55:07Z,55.38,22.82,55.00,6
2023-01-22T10:55:08Z,55.31,22.82,55.00,32
2023-01-22T10:55:09Z,55.31,22.82,55.00,7
2023-01-22T10:55:10Z,55.25,22.82,55.00,7
2023-01-22T10:55:11Z,55.25,22.81,55.00,9
2023-01-22T10:55:12Z,55.25,22.81,55.00,9
2023-01-22T10:55:13Z,55.19,22.81,55.00,36
2023-01-22T10:55:14Z,55.12,22.81,55.00,13
2023-01-22T10:55:15Z,55.12,22.81,55.00,13
2023-01-22T10:55:16Z,55.12,22.80,55.00,13
2023-01-22T10:55:17Z,55.12,22.80,55.00,13
2023-01-22T10:55:18Z,55.12,22.79,55.00,13
2023-01-22T10:55:19Z,55.06,22.79,55.00,39
2023-01-22T10:55:20Z,55.00,22.79,55.00,41
2023-01-22T10:55:21Z,55.00,22.78,55.00,16
2023-01-22T10:55:22Z,54.94,22.78,55.00,43
2023-01-22T10:55:23Z,54.88,22.77,55.00,45
2023-01-22T10:55:24Z,54.88,22.77,55.00,20
2023-01-22T10:55:25Z,54.88,22.77,55.00,20
2023-01-22T10:55:26Z,54.81,22.76,55.00,47
2023-01-22T10:55:27Z,54.81,22.76,55.00,22
2023-01-22T10:55:28Z,54.81,22.76,55.00,22
2023-01-22T10:55:29Z,54.81,22.76,55.00,22
2023-01-22T10:55:30Z,54.81,22.75,55.00,22
2023-01-22T10:55:31Z,54.69,22.75,55.00,49
2023-01-22T10:55:32Z,54.69,22.75,55.00,26
2023-01-22T10:55:33Z,54.69,22.75,55.00,26
2023-01-22T10:55:34Z,54.69,22.75,55.00,26
2023-01-22T10:55:35Z,54.69,22.75,55.00,26
2023-01-22T10:55:36Z,54.69,22.75,55.00,26
2023-01-22T10:55:37Z,54.69,22.75,55.00,27
2023-01-22T10:55:38Z,54.62,22.74,55.00,27
2023-01-22T10:55:39Z,54.62,22.74,55.00,29
2023-01-22T10:55:40Z,54.56,22.74,55.00,56
2023-01-22T10:55:41Z,54.56,22.74,55.00,31
2023-01-22T10:55:42Z,54.56,22.74,55.00,31
2023-01-22T10:55:43Z,54.56,22.74,55.00,31
2023-01-22T10:55:44Z,54.56,22.73,55.00,31
2023-01-22T10:55:45Z,54.56,22.73,55.00,31
2023-01-22T10:55:46Z,54.50,22.73,55.00,31
2023-01-22T10:55:47Z,54.50,22.73,55.00,58
2023-01-22T10:55:48Z,54.50,22.72,55.00,33
2023-01-22T10:55:49Z,54.50,22.72,55.00,34
2023-01-22T10:55:50Z,54.50,22.71,55.00,34
2023-01-22T10:55:51Z,54.50,22.71,55.00,34
2023-01-22T10:55:52Z,54.50,22.71,55.00,34
2023-01-22T10:55:53Z,54.50,22.70,55.00,34
2023-01-22T10:55:54Z,54.50,22.70,55.00,34
2023-01-22T10:55:55Z,54.50,22.70,55.00,34
2023-01-22T10:55:56Z,54.50,22.69,55.00,34
2023-01-22T10:55:57Z,54.56,22.69,55.00,35
2023-01-22T10:55:58Z,54.56,22.69,55.00,8
2023-01-22T10:55:59Z,54.56,22.69,55.00,33
2023-01-22T10:56:00Z,54.56,22.68,55.00,33
2023-01-22T10:56:01Z,54.62,22.68,55.00,33
2023-01-22T10:56:02Z,54.56,22.68,55.00,6
2023-01-22T10:56:03Z,54.56,22.67,55.00,33
2023-01-22T10:56:04Z,54.56,22.67,55.00,33
2023-01-22T10:56:05Z,54.56,22.67,55.00,33
2023-01-22T10:56:06Z,54.56,22.67,55.00,33
2023-01-22T10:56:07Z,54.62,22.67,55.00,6
2023-01-22T10:56:08Z,54.62,22.67,55.00,31
2023-01-22T10:56:09Z,54.62,22.67,55.00,31
2023-01-22T10:56:10Z,54.62,22.67,55.00,31
2023-01-22T10:56:11Z,54.62,22.67,55.00,31
2023-01-22T10:56:12Z,54.62,22.66,55.00,31
2023-01-22T10:56:13Z,54.62,22.66,55.00,31
2023-01-22T10:56:14Z,54.62,22.66,55.00,31
2023-01-22T10:56:15Z,54.62,22.66,55.00,31
2023-01-22T10:56:16Z,54.62,22.66,55.00,31
2023-01-22T10:56:17Z,54.62,22.66,55.00,31
2023-01-22T10:56:18Z,54.62,22.65,55.00,31
2023-01-22T10:56:19Z,54.62,22.65,55.00,31
2023-01-22T10:56:20Z,54.62,22.65,55.00,31
2023-01-22T10:56:21Z,54.69,22.65,55.00,31
2023-01-22T10:56:22Z,54.69,22.65,55.00,4
2023-01-22T10:56:23Z,54.69,22.65,55.00,29
2023-01-22T10:56:24Z,54.69,22.65,55.00,29
2023-01-22T10:56:25Z,54.69,22.65,55.00,29
2023-01-22T10:56:26Z,54.75,22.65,55.00,2
2023-01-22T10:56:27Z,54.69,22.65,55.00,27
2023-01-22T10:56:28Z,54.69,22.65,55.00,54
2023-01-22T10:56:29Z,54.69,22.65,55.00,29
2023-01-22T10:56:30Z,54.69,22.65,55.00,29
2023-01-22T10:56:31Z,54.69,22.65,55.00,29
2023-01-22T10:56:32Z,54.69,22.65,55.00,29
2023-01-22T10:56:33Z,54.69,22.65,55.00,29
2023-01-22T10:56:34Z,54.69,22.65,55.00,29
2023-01-22T10:56:35Z,54.75,22.64,55.00,2
2023-01-22T10:56:36Z,54.75,22.64,55.00,27
2023-01-22T10:56:37Z,54.69,22.64,55.00,27
2023-01-22T10:56:38Z,54.69,22.64,55.00,54
2023-01-22T10:56:39Z,54.75,22.64,55.00,29
2023-01-22T10:56:40Z,54.75,22.64,55.00,2
2023-01-22T10:56:41Z,54.75,22.64,55.00,27
2023-01-22T10:56:42Z,54.75,22.64,55.00,27
2023-01-22T10:56:43Z,54.75,22.64,55.00,27
2023-01-22T10:56:44Z,54.75,22.64,55.00,27
2023-01-22T10:56:45Z,54.75,22.64,55.00,27
2023-01-22T10:56:46Z,54.75,22.64,55.00,27
2023-01-22T10:56:47Z,54.75,22.64,55.00,27
2023-01-22T10:56:48Z,54.75,22.64,55.00,27
2023-01-22T10:56:49Z,54.75,22.63,55.00,27
2023-01-22T10:56:50Z,54.75,22.63,55.00,27
2023-01-22T10:56:51Z,54.75,22.62,55.00,27
2023-01-22T10:56:52Z,54.75,22.62,55.00,27
2023-01-22T10:56:53Z,54.75,22.61,55.00,27
2023-01-22T10:56:54Z,54.75,22.61,55.00,27
2023-01-22T10:56:55Z,54.69,22.60,55.00,27
2023-01-22T10:56:56Z,54.69,22.60,55.00,54
2023-01-22T10:56:57Z,54.69,22.59,55.00,29
2023-01-22T10:56:58Z,54.75,22.58,55.00,29
2023-01-22T10:56:59Z,54.75,22.57,55.00,2
2023-01-22T10:57:00Z,54.75,22.57,55.00,27
2023-01-22T10:57:01Z,54.75,22.56,55.00,27
2023-01-22T10:57:02Z,54.75,22.55,55.00,27
2023-01-22T10:57:03Z,54.75,22.54,55.00,27
2023-01-22T10:57:04Z,54.75,22.53,55.00,27
2023-01-22T10:57:05Z,54.75,22.53,55.00,27
2023-01-22T10:57:06Z,54.75,22.52,55.00,27
2023-01-22T10:57:07Z,54.75,22.51,55.00,27
2023-01-22T10:57:08Z,54.75,22.50,55.00,27
2023-01-22T10:57:09Z,54.75,22.50,55.00,27
2023-01-22T10:57:10Z,54.81,22.49,55.00,0
2023-01-22T10:57:11Z,54.75,22.48,55.00,25
2023-01-22T10:57:12Z,54.75,22.48,55.00,27
2023-01-22T10:57:13Z,54.75,22.47,55.00,27
2023-01-22T10:57:14Z,54.75,22.47,55.00,27
2023-01-22T10:57:15Z,54.75,22.47,55.00,27
2023-01-22T10:57:16Z,54.81,22.46,55.00,27
2023-01-22T10:57:17Z,54.81,22.46,55.00,0
2023-01-22T10:57:18Z,54.81,22.45,55.00,25
2023-01-22T10:57:19Z,54.81,22.45,55.00,25
2023-01-22T10:57:20Z,54.81,22.45,55.00,25
2023-01-22T10:57:21Z,54.81,22.44,55.00,25
2023-01-22T10:57:22Z,54.81,22.44,55.00,25
2023-01-22T10:57:23Z,54.75,22.44,55.00,25
2023-01-22T10:57:24Z,54.75,22.44,55.00,27
2023-01-22T10:57:25Z,54.75,22.44,55.00,27
2023-01-22T10:57:26Z,54.75,22.44,55.00,27
2023-01-22T10:57:27Z,54.75,22.44,55.00,27
2023-01-22T10:57:28Z,54.69,22.44,55.00,54
2023-01-22T10:57:29Z,54.75,22.44,55.00,29
2023-01-22T10:57:30Z,54.75,22.44,55.00,27
2023-01-22T10:57:31Z,54.75,22.43,55.00,27
2023-01-22T10:57:32Z,54.75,22.43,55.00,27
2023-01-22T10:57:33Z,54.75,22.43,55.00,27
2023-01-22T10:57:34Z,54.69,22.42,55.00,54
2023-01-22T10:57:35Z,54.69,22.42,55.00,29
2023-01-22T10:57:36Z,54.69,22.41,55.00,29
2023-01-22T10:57:37Z,54.69,22.41,55.00,29
2023-01-22T10:57:38Z,54.75,22.41,55.00,29
2023-01-22T10:57:39Z,54.69,22.40,55.00,27
2023-01-22T10:57:40Z,54.69,22.40,55.00,54
2023-01-22T10:57:41Z,54.75,22.40,55.00,29
2023-01-22T10:57:42Z,54.75,22.39,55.00,27
2023-01-22T10:57:43Z,54.75,22.39,55.00,27
2023-01-22T10:57:44Z,54.69,22.38,55.00,27
2023-01-22T10:57:45Z,54.69,22.38,55.00,29
2023-01-22T10:57:46Z,54.75,22.37,55.00,29
2023-01-22T10:57:47Z,54.75,22.37,55.00,2
2023-01-22T10:57:48Z,54.75,22.36,55.00,27
2023-01-22T10:57:49Z,54.75,22.36,55.00,27
2023-01-22T10:57:50Z,54.75,22.35,55.00,27
2023-01-22T10:57:51Z,54.75,22.35,55.00,27
2023-01-22T10:57:52Z,54.75,22.35,55.00,27
2023-01-22T10:57:53Z,54.75,22.34,55.00,27
2023-01-22T10:57:54Z,54.75,22.34,55.00,27
2023-01-22T10:57:55Z,54.75,22.34,55.00,27
2023-01-22T10:57:56Z,54.75,22.34,55.00,27
2023-01-22T10:57:57Z,54.75,22.34,55.00,27
2023-01-22T10:57:58Z,54.75,22.34,55.00,27
2023-01-22T10:57:59Z,54.75,22.34,55.00,27
2023-01-22T10:58:00Z,54.75,22.34,55.00,27
2023-01-22T10:58:01Z,54.81,22.35,55.00,27
2023-01-22T10:58:02Z,54.81,22.35,55.00,0
2023-01-22T10:58:03Z,54.81,22.35,55.00,25
2023-01-22T10:58:04Z,54.81,22.36,55.00,25
2023-01-22T10:58:05Z,54.81,22.36,55.00,25
2023-01-22T10:58:06Z,54.81,22.36,55.00,25
2023-01-22T10:58:07Z,54.81,22.37,55.00,25
2023-01-22T10:58:08Z,54.81,22.37,55.00,25
2023-01-22T10:58:09Z,54.81,22.37,55.00,25
2023-01-22T10:58:10Z,54.81,22.38,55.00,25
2023-01-22T10:58:11Z,54.81,22.38,55.00,25
2023-01-22T10:58:12Z,54.81,22.38,55.00,25
2023-01-22T10:58:13Z,54.81,22.38,55.00,25
2023-01-22T10:58:14Z,54.81,22.39,55.00,25
2023-01-22T10:58:15Z,54.81,22.39,55.00,25
2023-01-22T10:58:16Z,54.81,22.39,55.00,25
2023-01-22T10:58:17Z,54.75,22.39,55.00,25
2023-01-22T10:58:18Z,54.75,22.40,55.00,27
2023-01-22T10:58:19Z,54.81,22.40,55.00,0
2023-01-22T10:58:20Z,54.81,22.41,55.00,25
2023-01-22T10:58:21Z,54.81,22.41,55.00,25
2023-01-22T10:58:22Z,54.81,22.41,55.00,25
2023-01-22T10:58:23Z,54.75,22.42,55.00,25
2023-01-22T10:58:24Z,54.75,22.42,55.00,27
2023-01-22T10:58:25Z,54.75,22.43,55.00,27
2023-01-22T10:58:26Z,54.75,22.43,55.00,27
2023-01-22T10:58:27Z,54.75,22.43,55.00,27
2023-01-22T10:58:28Z,54.75,22.43,55.00,27
2023-01-22T10:58:29Z,54.75,22.43,55.00,27
2023-01-22T10:58:30Z,54.81,22.43,55.00,27
2023-01-22T10:58:31Z,54.81,22.44,55.00,0
2023-01-22T10:58:32Z,54.81,22.44,55.00,25
2023-01-22T10:58:33Z,54.81,22.44,55.00,25
2023-01-22T10:58:34Z,54.81,22.44,55.00,25
2023-01-22T10:58:35Z,54.81,22.45,55.00,25
2023-01-22T10:58:36Z,54.81,22.45,55.00,25
2023-01-22T10:58:37Z,54.81,22.45,55.00,25
2023-01-22T10:58:38Z,54.81,22.45,55.00,25
2023-01-22T10:58:39Z,54.81,22.46,55.00,25
2023-01-22T10:58:40Z,54.81,22.46,55.00,25
2023-01-22T10:58:41Z,54.81,22.47,55.00,25
2023-01-22T10:58:42Z,54.81,22.47,55.00,25
2023-01-22T10:58:43Z,54.81,22.48,55.00,25
2023-01-22T10:58:44Z,54.81,22.48,55.00,25
2023-01-22T10:58:45Z,54.81,22.49,55.00,25
2023-01-22T10:58:46Z,54.81,22.49,55.00,25
2023-01-22T10:58:47Z,54.81,22.49,55.00,25
2023-01-22T10:58:48Z,54.81,22.50,55.00,25
2023-01-22T10:58:49Z,54.81,22.50,55.00,25
2023-01-22T10:58:50Z,54.81,22.50,55.00,25
2023-01-22T10:58:51Z,54.81,22.51,55.00,25
2023-01-22T10:58:52Z,54.81,22.51,55.00,25
2023-01-22T10:58:53Z,54.81,22.51,55.00,25
2023-01-22T10:58:54Z,54.81,22.51,55.00,25
2023-01-22T10:58:55Z,54.81,22.52,55.00,25
2023-01-22T10:58:56Z,54.81,22.52,55.00,25
2023-01-22T10:58:57Z,54.81,22.52,55.00,25
2023-01-22T10:58:58Z,54.81,22.52,55.00,25
2023-01-22T10:58:59Z,54.81,22.53,55.00,25
2023-01-22T10:59:00Z,54.88,22.53,55.00,-1
2023-01-22T10:59:01Z,54.81,22.54,55.00,23
2023-01-22T10:59:02Z,54.81,22.54,55.00,50
2023-01-22T10:59:03Z,54.81,22.54,55.00,25
2023-01-22T10:59:04Z,54.81,22.55,55.00,25
2023-01-22T10:59:05Z,54.88,22.55,55.00,-1
2023-01-22T10:59:06Z,54.88,22.56,55.00,23
2023-01-22T10:59:07Z,54.88,22.56,55.00,23
2023-01-22T10:59:08Z,54.81,22.57,55.00,50
2023-01-22T10:59:09Z,54.81,22.57,55.00,25
2023-01-22T10:59:10Z,54.81,22.57,55.00,25
2023-01-22T10:59:11Z,54.88,22.58,55.00,25
2023-01-22T10:59:12Z,54.88,22.58,55.00,23
2023-01-22T10:59:13Z,54.88,22.59,55.00,23
2023-01-22T10:59:14Z,54.88,22.59,55.00,23
2023-01-22T10:59:15Z,54.81,22.59,55.00,50
2023-01-22T10:59:16Z,54.81,22.59,55.00,25
2023-01-22T10:59:17Z,54.81,22.60,55.00,25
2023-01-22T10:59:18Z,54.81,22.60,55.00,25
2023-01-22T10:59:19Z,54.81,22.60,55.00,25
2023-01-22T10:59:20Z,54.81,22.60,55.00,25
2023-01-22T10:59:21Z,54.81,22.60,55.00,25
2023-01-22T10:59:22Z,54.81,22.61,55.00,25
2023-01-22T10:59:23Z,54.81,22.61,55.00,25
2023-01-22T10:59:24Z,54.81,22.61,55.00,25
2023-01-22T10:59:25Z,54.81,22.61,55.00,25
2023-01-22T10:59:26Z,54.81,22.62,55.00,25
2023-01-22T10:59:27Z,54.75,22.62,55.00,52
2023-01-22T10:59:28Z,54.75,22.62,55.00,27
2023-01-22T10:59:29Z,54.75,22.62,55.00,27
2023-01-22T10:59:30Z,54.75,22.63,55.00,27
2023-01-22T10:59:31Z,54.75,22.63,55.00,27
2023-01-22T10:59:32Z,54.75,22.63,55.00,27
2023-01-22T10:59:33Z,54.75,22.63,55.00,27
2023-01-22T10:59:34Z,54.75,22.64,55.00,27
2023-01-22T10:59:35Z,54.75,22.64,55.00,27
2023-01-22T10:59:36Z,54.75,22.64,55.00,27
2023-01-22T10:59:37Z,54.81,22.64,55.00,27
2023-01-22T10:59:38Z,54.81,22.65,55.00,0
2023-01-22T10:59:39Z,54.81,22.65,55.00,25
2023-01-22T10:59:40Z,54.81,22.65,55.00,25
2023-01-22T10:59:41Z,54.81,22.65,55.00,25
2023-01-22T10:59:42Z,54.75,22.66,55.00,25
2023-01-22T10:59:43Z,54.75,22.66,55.00,52
2023-01-22T10:59:44Z,54.75,22.66,55.00,27
2023-01-22T10:59:45Z,54.75,22.67,55.00,27
2023-01-22T10:59:46Z,54.75,22.67,55.00,27
2023-01-22T10:59:47Z,54.69,22.67,55.00,27
2023-01-22T10:59:48Z,54.69,22.67,55.00,29
2023-01-22T10:59:49Z,54.69,22.67,55.00,29
2023-01-22T10:59:50Z,54.75,22.67,55.00,29
2023-01-22T10:59:51Z,54.75,22.67,55.00,27
2023-01-22T10:59:52Z,54.75,22.67,55.00,27
2023-01-22T10:59:53Z,54.75,22.67,55.00,27
2023-01-22T10:59:54Z,54.75,22.67,55.00,27
2023-01-22T10:59:55Z,54.75,22.67,55.00,27
2023-01-22T10:59:56Z,54.75,22.67,55.00,27
2023-01-22T10:59:57Z,54.75,22.67,55.00,27
2023-01-22T10:59:58Z,54.75,22.67,55.00,27
2023-01-22T10:59:59Z,54.75,22.67,55.00,27
2023-01-22T11:00:00Z,54.75,22.67,55.00,27
2023-01-22T11:00:01Z,54.75,22.67,55.00,27
2023-01-22T11:00:02Z,54.75,22.67,55.00,27
2023-01-22T11:00:03Z,54.75,22.67,55.00,27
2023-01-22T11:00:04Z,54.75,22.67,55.00,27
2023-01-22T11:00:05Z,54.69,22.67,55.00,27
2023-01-22T11:00:06Z,54.69,22.67,55.00,29
2023-01-22T11:00:07Z,54.69,22.67,55.00,29
2023-01-22T11:00:08Z,54.75,22.67,55.00,29
2023-01-22T11:00:09Z,54.75,22.67,55.00,27
2023-01-22T11:00:10Z,54.75,22.67,55.00,27
2023-01-22T11:00:11Z,54.75,22.68,55.00,27
2023-01-22T11:00:12Z,54.75,22.68,55.00,27
2023-01-22T11:00:13Z,54.81,22.68,55.00,27
2023-01-22T11:00:14Z,54.81,22.68,55.00,0
2023-01-22T11:00:15Z,54.81,22.68,55.00,25
2023-01-22T11:00:16Z,54.81,22.68,55.00,25
2023-01-22T11:00:17Z,54.81,22.68,55.00,25
2023-01-22T11:00:18Z,54.81,22.68,55.00,25
2023-01-22T11:00:19Z,54.81,22.69,55.00,25
2023-01-22T11:00:20Z,54.81,22.69,55.00,25
2023-01-22T11:00:21Z,54.81,22.69,55.00,25
2023-01-22T11:00:22Z,54.81,22.69,55.00,25
2023-01-22T11:00:23Z,54.81,22.70,55.00,25
2023-01-22T11:00:24Z,54.88,22.70,55.00,-1
2023-01-22T11:00:25Z,54.81,22.70,55.00,23
2023-01-22T11:00:26Z,54.81,22.70,55.00,50
2023-01-22T11:00:27Z,54.81,22.70,55.00,25
2023-01-22T11:00:28Z,54.81,22.71,55.00,25
2023-01-22T11:00:29Z,54.81,22.71,55.00,25
2023-01-22T11:00:30Z,54.75,22.71,55.00,52
2023-01-22T11:00:31Z,54.75,22.71,55.00,27
2023-01-22T11:00:32Z,54.75,22.72,55.00,27
2023-01-22T11:00:33Z,54.75,22.72,55.00,27
2023-01-22T11:00:34Z,54.81,22.72,55.00,27
2023-01-22T11:00:35Z,54.81,22.73,55.00,0
2023-01-22T11:00:36Z,54.81,22.73,55.00,25
2023-01-22T11:00:37Z,54.81,22.73,55.00,25
2023-01-22T11:00:38Z,54.88,22.74,55.00,25
